daily_trade_number,trades,total_r
1,188,-11.05584768135246
2,49,-2.443639069006516
