quality_decile,count,sum,mean
"(52.999, 58.0]",249,21.834921039640008,0.08769044594232935
"(58.0, 61.0]",45,14.871592057887288,0.3304798235086064
