quality_decile,count,sum,mean
"(49.999, 58.0]",502,43.54564669610504,0.08674431612769928
