daily_trade_number,trades,total_r
1,253,47.7194723232032
2,20,4.924392635811224
