{
  "trades": 273,
  "win_rate": 0.4468864468864469,
  "total_net_pnl": 68.44500000000278,
  "avg_net_pnl": 0.2507142857142959,
  "total_r": 52.64386495901442,
  "avg_r": 0.19283467017954,
  "profit_factor": 1.4193933823529663,
  "max_drawdown_pnl": -32.41499999999894,
  "max_drawdown_r": -14.829240869930373,
  "avg_bars_held": 20.28205128205128,
  "stop_count": 147,
  "target_count": 94,
  "eod_count": 0,
  "end_of_data_count": 0,
  "max_hold_count": 32,
  "profit_factor_r": 1.3488847820275027,
  "median_r": -1.0042016806722651,
  "p25_r": -1.0126582278480902,
  "p75_r": 1.9772727272727477,
  "worst_trade_r": -1.090909090908997,
  "best_trade_r": 1.998161764705884,
  "std_r": 1.3815549974383892,
  "active_days": 253,
  "positive_day_rate": 0.4743083003952569,
  "avg_daily_r": 0.20807851762456295,
  "median_daily_r": -1.0034246575342436,
  "worst_day_r": -2.062709030100275,
  "best_day_r": 3.719654528478046,
  "daily_profit_factor_r": 1.3670615272901576,
  "avg_daily_trade_count": 1.0790513833992095,
  "max_daily_trade_count": 2,
  "estimated_round_trip_cost_per_share": 0.02,
  "avg_risk_per_share": 1.2030769230769132,
  "median_risk_per_share": 0.8899999999999864,
  "p10_risk_per_share": 0.37999999999999545,
  "p25_risk_per_share": 0.5399999999999636,
  "avg_cost_r": 0.02801783916422447,
  "median_cost_r": 0.022471910112359897,
  "p90_cost_r": 0.05263157894736905,
  "pct_trades_cost_r_gt_0_25": 0.0,
  "pct_trades_cost_r_gt_0_50": 0.0,
  "pct_trades_cost_r_gt_1_00": 0.0,
  "end_of_session_count": 0,
  "trades_by_strategy_json": "{\"failed_orb\": 223, \"gap_acceptance_failure\": 50}",
  "pnl_by_strategy_json": "{\"failed_orb\": 61.25000000000256, \"gap_acceptance_failure\": 7.1950000000002206}",
  "r_by_strategy_json": "{\"failed_orb\": 49.59804803876363, \"gap_acceptance_failure\": 3.0458169202507914}",
  "trades_by_family_json": "{\"gap_behavior\": 50, \"opening_reversal\": 223}",
  "pnl_by_family_json": "{\"gap_behavior\": 7.1950000000002206, \"opening_reversal\": 61.25000000000256}",
  "r_by_family_json": "{\"gap_behavior\": 3.0458169202507914, \"opening_reversal\": 49.59804803876363}",
  "trades_by_candidate_json": "{\"FAILED_ORB_001\": 223, \"GAP_ACCEPTANCE_FAILURE_001\": 50}",
  "pnl_by_candidate_json": "{\"FAILED_ORB_001\": 61.25000000000256, \"GAP_ACCEPTANCE_FAILURE_001\": 7.1950000000002206}",
  "r_by_candidate_json": "{\"FAILED_ORB_001\": 49.59804803876363, \"GAP_ACCEPTANCE_FAILURE_001\": 3.0458169202507914}",
  "rejected_by_reason_json": "{\"existing_position\": 26, \"lower_priority_conflict\": 7}",
  "candidate_signals": 0,
  "rejected_signals": 33,
  "selected_signals": 0,
  "selection_rate": 0.8921568627450981,
  "combiner_score": 1.10389207935822,
  "low_trade_count": false,
  "wrong_time_window_rejections": 0,
  "existing_position_rejections": 26,
  "daily_loss_limit_rejections": 0,
  "max_trades_rejections": 0,
  "max_trades_reached_rejections": 0,
  "cooldown_rejections": 0,
  "cooldown_after_loss_rejections": 0,
  "no_new_after_rejections": 0,
  "risk_too_small_rejections": 0,
  "lower_priority_rejections": 7,
  "last_bar_no_entry_rejections": 0,
  "session_boundary_no_entry_rejections": 0,
  "disabled_candidate_rejections": 0,
  "opposite_direction_conflict_rejections": 0,
  "invalid_stop_side_rejections": 0,
  "invalid_target_side_rejections": 0,
  "invalid_target_r_rejections": 0,
  "invalid_price_nan_rejections": 0,
  "trades_by_daily_trade_number_json": "{\"1\": 253, \"2\": 20}",
  "r_by_daily_trade_number_json": "{\"1\": 47.7194723232032, \"2\": 4.924392635811223}",
  "pnl_by_daily_trade_number_json": "{\"1\": 63.577500000002715, \"2\": 4.867500000000064}",
  "profit_factor_r_by_daily_trade_number_json": "{\"1\": 1.341490084799487, \"2\": 1.4415360658490883}",
  "avg_r_by_daily_trade_number_json": "{\"1\": 0.1886145151114751, \"2\": 0.24621963179056117}",
  "win_rate_by_daily_trade_number_json": "{\"1\": 0.44664031620553357, \"2\": 0.45}"
}