daily_trade_number,trades,sum_r
1,2648,159.2376149381062
2,1121,19.13093692519184
3,392,37.78541174278166
