exit_reason,trades,sum_r
max_hold,355,79.21351443466214
stop,1990,-2077.6073405559687
target,1816,2214.547789727386
