entry_hour_utc,trades,sum_r
14,1020,38.47561759880561
15,1528,104.32932661816955
16,962,77.25906105066024
17,457,8.71348427553851
18,159,-9.51733620161564
19,35,-3.106189735478576
