{
  "trades": 117,
  "win_rate": 0.5042735042735043,
  "total_net_pnl": 5.820000000001812,
  "avg_net_pnl": 0.04974358974360523,
  "total_r": 11.279036431212155,
  "avg_r": 0.09640202077959108,
  "profit_factor": 1.1403085824494206,
  "max_drawdown_pnl": -4.979999999999563,
  "max_drawdown_r": -7.454998485067566,
  "avg_bars_held": 18.153846153846153,
  "stop_count": 50,
  "target_count": 34,
  "eod_count": 0,
  "end_of_data_count": 0,
  "max_hold_count": 33,
  "profit_factor_r": 1.2100255757324845,
  "median_r": 0.05000000000000237,
  "p25_r": -1.0120481927710736,
  "p75_r": 1.4787234042553397,
  "worst_trade_r": -1.0399999999999636,
  "best_trade_r": 1.490291262135931,
  "std_r": 1.0877976770310427,
  "active_days": 117,
  "positive_day_rate": 0.5042735042735043,
  "avg_daily_r": 0.09640202077959108,
  "median_daily_r": 0.05000000000000237,
  "worst_day_r": -1.0399999999999636,
  "best_day_r": 1.490291262135931,
  "daily_profit_factor_r": 1.2100255757324845,
  "avg_daily_trade_count": 1.0,
  "max_daily_trade_count": 1,
  "estimated_round_trip_cost_per_share": 0.02,
  "avg_risk_per_share": 0.8099999999999892,
  "median_risk_per_share": 0.7599999999999909,
  "p10_risk_per_share": 0.4360000000000014,
  "p25_risk_per_share": 0.5600000000000023,
  "avg_cost_r": 0.0293312480111628,
  "median_cost_r": 0.026315789473684525,
  "p90_cost_r": 0.04587737843551783,
  "pct_trades_cost_r_gt_0_25": 0.0,
  "pct_trades_cost_r_gt_0_50": 0.0,
  "pct_trades_cost_r_gt_1_00": 0.0,
  "end_of_session_count": 0,
  "trades_by_strategy_json": "{\"failed_orb\": 117}",
  "pnl_by_strategy_json": "{\"failed_orb\": 5.820000000001812}",
  "r_by_strategy_json": "{\"failed_orb\": 11.279036431212155}",
  "trades_by_family_json": "{\"opening_reversal\": 117}",
  "pnl_by_family_json": "{\"opening_reversal\": 5.820000000001812}",
  "r_by_family_json": "{\"opening_reversal\": 11.279036431212155}",
  "trades_by_candidate_json": "{\"FAILED_ORB_001\": 117}",
  "pnl_by_candidate_json": "{\"FAILED_ORB_001\": 5.820000000001812}",
  "r_by_candidate_json": "{\"FAILED_ORB_001\": 11.279036431212155}",
  "rejected_by_reason_json": "{\"wrong_time_window\": 9}",
  "candidate_signals": 0,
  "rejected_signals": 9,
  "selected_signals": 0,
  "selection_rate": 0.9285714285714286,
  "combiner_score": 0.4076903282117298,
  "low_trade_count": false,
  "wrong_time_window_rejections": 9,
  "existing_position_rejections": 0,
  "daily_loss_limit_rejections": 0,
  "max_trades_rejections": 0,
  "max_trades_reached_rejections": 0,
  "cooldown_rejections": 0,
  "cooldown_after_loss_rejections": 0,
  "no_new_after_rejections": 0,
  "risk_too_small_rejections": 0,
  "lower_priority_rejections": 0,
  "last_bar_no_entry_rejections": 0,
  "session_boundary_no_entry_rejections": 0,
  "disabled_candidate_rejections": 0,
  "opposite_direction_conflict_rejections": 0,
  "invalid_stop_side_rejections": 0,
  "invalid_target_side_rejections": 0,
  "invalid_target_r_rejections": 0,
  "invalid_price_nan_rejections": 0,
  "trades_by_daily_trade_number_json": "{\"1\": 117}",
  "r_by_daily_trade_number_json": "{\"1\": 11.279036431212155}",
  "pnl_by_daily_trade_number_json": "{\"1\": 5.820000000001812}",
  "profit_factor_r_by_daily_trade_number_json": "{\"1\": 1.2100255757324845}",
  "avg_r_by_daily_trade_number_json": "{\"1\": 0.09640202077959108}",
  "win_rate_by_daily_trade_number_json": "{\"1\": 0.5042735042735043}"
}