period,trades,total_r,total_net_pnl,profit_factor,profit_factor_r,max_drawdown_r,win_rate,avg_r,median_r
2023-01,11,4.443601464483198,1.4900000000002365,1.350588235294178,2.3210152024759645,-1.178928571428579,0.5454545454545454,0.4039637694984725,0.38150289017342087
2023-02,12,-1.4254129529983015,-1.6499999999997499,0.697247706422051,0.7808177134946056,-4.427332581211822,0.4166666666666667,-0.11878441274985846,-0.7198489010988836
2023-03,14,-0.0008448057407268728,-0.5599999999997749,0.9142419601837991,0.999871987268257,-4.537032096601123,0.5,-6.034326719477663e-05,-0.1561113732892471
2023-04,9,0.8066873907202772,1.1199999999999477,1.4444444444444269,1.1580942069159466,-4.0793181921210575,0.4444444444444444,0.08963193230225303,-1.017543859649107
2023-05,12,-6.339766251144885,-2.7199999999998,0.3860045146727087,0.31118075604701595,-6.339766251144885,0.25,-0.5283138542620738,-1.0168079096045053
2023-06,9,6.874694509978889,4.8950000000000955,3.589947089947159,4.400963945051004,-1.010869565217381,0.7777777777777778,0.7638549455532099,1.3030303030303865
2023-07,12,2.1880267924489116,0.9300000000004047,1.2990353697750647,1.5439910709467137,-2.6790368382152154,0.5833333333333334,0.1823355660374093,0.19166666666671528
2023-08,7,1.9839306310752474,2.020000000000209,1.737226277372352,1.6531109815852747,-2.025757575757552,0.5714285714285714,0.2834186615821782,0.5546875000000403
2023-09,8,-0.9877807575701021,-1.5599999999998886,0.5370919881305897,0.7592677770097779,-2.0224974721941154,0.375,-0.12347259469626276,-0.532316503038804
2023-10,12,-1.2263390559754581,-0.7849999999998545,0.8538175046555192,0.816838014496795,-4.057882972769457,0.4166666666666667,-0.10219492133128817,-0.8093563512361495
2023-11,6,4.647190506322163,2.2649999999999864,4.484615384615486,5.5756952677634235,-1.015624999999986,0.8333333333333334,0.7745317510536939,1.2074123989218282
2023-12,5,0.31504895961294443,0.375,1.3205128205128318,1.1548299512957285,-1.0178571428571266,0.6,0.06300979192258889,0.3298969072164785
