bucket,trades,total_r,avg_r,median_r,win_rate,pf_r,max_loss_r,share_unknown_trades,share_unknown_pnl,low_sample_warning
max_hold,13,3.3358356165697316,0.2566027397361332,0.3076923076923509,0.6153846153846154,2.3142979497703764,-0.7702702702702713,0.15853658536585366,0.1659117953078865,False
stop,30,-30.949824344999183,-1.0316608114999728,-1.0282874938555966,0.0,0.0,-1.102066853789119,0.36585365853658536,-1.5393267270234527,False
target,39,47.72006744561372,1.2235914729644544,1.2194959200794215,1.0,,1.180143206427083,0.47560975609756095,2.373414931715566,False
