{
  "trades": 48,
  "win_rate": 0.4375,
  "total_net_pnl": 6.897500000000548,
  "avg_net_pnl": 0.14369791666667808,
  "total_r": 3.836553257671998,
  "avg_r": 0.07992819286816662,
  "profit_factor": 1.2837309749074752,
  "max_drawdown_pnl": -8.847499999999457,
  "max_drawdown_r": -8.624377177727919,
  "avg_bars_held": 37.75,
  "stop_count": 25,
  "target_count": 14,
  "eod_count": 0,
  "end_of_data_count": 0,
  "max_hold_count": 9,
  "profit_factor_r": 1.1480080726784698,
  "median_r": -1.0058933002481338,
  "p25_r": -1.0116621067031364,
  "p75_r": 1.7245213963964776,
  "worst_trade_r": -1.0238095238095013,
  "best_trade_r": 1.7449494949494924,
  "std_r": 1.2326464310120002,
  "active_days": 48,
  "positive_day_rate": 0.4375,
  "avg_daily_r": 0.07992819286816662,
  "median_daily_r": -1.0058933002481338,
  "worst_day_r": -1.0238095238095013,
  "best_day_r": 1.7449494949494924,
  "daily_profit_factor_r": 1.1480080726784698,
  "avg_daily_trade_count": 1.0,
  "max_daily_trade_count": 1,
  "estimated_round_trip_cost_per_share": 0.02,
  "avg_risk_per_share": 1.0245833333333216,
  "median_risk_per_share": 0.9250000000000114,
  "p10_risk_per_share": 0.5079999999999927,
  "p25_risk_per_share": 0.7174999999999869,
  "avg_cost_r": 0.024813901586571555,
  "median_cost_r": 0.0216374269005845,
  "p90_cost_r": 0.03942307692307741,
  "pct_trades_cost_r_gt_0_25": 0.0,
  "pct_trades_cost_r_gt_0_50": 0.0,
  "pct_trades_cost_r_gt_1_00": 0.0,
  "end_of_session_count": 0,
  "trades_by_strategy_json": "{\"gap_acceptance_failure\": 48}",
  "pnl_by_strategy_json": "{\"gap_acceptance_failure\": 6.897500000000548}",
  "r_by_strategy_json": "{\"gap_acceptance_failure\": 3.836553257671998}",
  "trades_by_family_json": "{\"gap_behavior\": 48}",
  "pnl_by_family_json": "{\"gap_behavior\": 6.897500000000548}",
  "r_by_family_json": "{\"gap_behavior\": 3.836553257671998}",
  "trades_by_candidate_json": "{\"GAP_ACCEPTANCE_FAILURE_001\": 48}",
  "pnl_by_candidate_json": "{\"GAP_ACCEPTANCE_FAILURE_001\": 6.897500000000548}",
  "r_by_candidate_json": "{\"GAP_ACCEPTANCE_FAILURE_001\": 3.836553257671998}",
  "rejected_by_reason_json": "{}",
  "candidate_signals": 0,
  "rejected_signals": 0,
  "selected_signals": 0,
  "selection_rate": 1.0,
  "combiner_score": -1.1352020415592823,
  "low_trade_count": true,
  "wrong_time_window_rejections": 0,
  "existing_position_rejections": 0,
  "daily_loss_limit_rejections": 0,
  "max_trades_rejections": 0,
  "max_trades_reached_rejections": 0,
  "cooldown_rejections": 0,
  "cooldown_after_loss_rejections": 0,
  "no_new_after_rejections": 0,
  "risk_too_small_rejections": 0,
  "lower_priority_rejections": 0,
  "last_bar_no_entry_rejections": 0,
  "session_boundary_no_entry_rejections": 0,
  "disabled_candidate_rejections": 0,
  "opposite_direction_conflict_rejections": 0,
  "invalid_stop_side_rejections": 0,
  "invalid_target_side_rejections": 0,
  "invalid_target_r_rejections": 0,
  "invalid_price_nan_rejections": 0,
  "trades_by_daily_trade_number_json": "{\"1\": 48}",
  "r_by_daily_trade_number_json": "{\"1\": 3.836553257671998}",
  "pnl_by_daily_trade_number_json": "{\"1\": 6.897500000000548}",
  "profit_factor_r_by_daily_trade_number_json": "{\"1\": 1.1480080726784698}",
  "avg_r_by_daily_trade_number_json": "{\"1\": 0.07992819286816662}",
  "win_rate_by_daily_trade_number_json": "{\"1\": 0.4375}"
}