period,trades,total_r,total_net_pnl,profit_factor,profit_factor_r,max_drawdown_r,win_rate,avg_r,median_r
2023-01,4,-0.7131417869291703,-1.42999999999995,0.4521072796934967,0.7087357747056884,-2.448435904576222,0.25,-0.17828544673229257,-0.7180451127819437
2023-02,7,3.2193792610893164,7.185000000000116,3.0646551724138833,2.0633364965439407,-3.0276203925596015,0.5714285714285714,0.4599113230127595,1.0216049382716383
2023-03,2,0.7118618618619741,-0.27249999999997954,0.7005494505494813,1.7040392040393224,-1.0111111111111006,0.5,0.35593093093098704,0.35593093093098704
2023-04,7,1.9073312413172383,0.7325000000000728,1.2274844720497142,1.6291184288705998,-1.0149253731343144,0.5714285714285714,0.27247589161674834,0.22429906542057068
2023-05,3,0.49663516609417924,-0.8549999999999613,0.2629310344827356,1.414619568465951,-1.1978092783504581,0.3333333333333333,0.1655450553647264,-0.1874999999999519
2023-06,3,-0.7541858678955236,-0.25999999999993406,0.8869565217391568,0.6283308099924357,-2.029185867895518,0.3333333333333333,-0.25139528929850785,-1.0053763440860168
2023-07,4,-2.4692800587465022,-1.8599999999999,0.3333333333333469,0.18583972821563682,-3.0329164223828777,0.25,-0.6173200146866256,-1.0105758582502675
2023-08,4,0.13707823011180253,0.2375000000000682,1.1270053475936228,1.0677686382809524,-1.0138888888888768,0.5,0.034269557527950634,-0.2938984629715595
2023-09,5,-3.330564818231861,-2.0399999999999636,0.3222591362126218,0.17964123284818898,-4.059888126502493,0.2,-0.6661129636463722,-1.015151515151502
2023-10,4,1.4515394503293813,2.597500000000025,2.6977124183007635,1.7147300124116156,-1.0212765957446628,0.5,0.3628848625823453,0.3649291497975723
2023-11,1,-1.0124999999999893,-0.8099999999999454,0.0,0.0,-1.0124999999999893,0.0,-1.0124999999999893,-1.0124999999999893
2023-12,4,4.192400578671152,3.6724999999999,6.923387096773989,5.124781214499099,-1.0163934426229355,0.75,1.048100144667788,1.7339015151515378
