{
  "trades": 146,
  "win_rate": 0.4383561643835616,
  "total_net_pnl": 11.105000000002292,
  "avg_net_pnl": 0.07606164383563213,
  "total_r": -6.195607253365995,
  "avg_r": -0.04243566611894517,
  "profit_factor": 1.1593942873547083,
  "max_drawdown_pnl": -12.734999999999275,
  "max_drawdown_r": -18.994330963921364,
  "avg_bars_held": 19.65753424657534,
  "stop_count": 78,
  "target_count": 44,
  "eod_count": 0,
  "end_of_data_count": 0,
  "max_hold_count": 24,
  "profit_factor_r": 0.9223239963832701,
  "median_r": -1.0070742925707366,
  "p25_r": -1.012461419753075,
  "p75_r": 1.2403992757766331,
  "worst_trade_r": -1.0312499999999667,
  "best_trade_r": 1.494736842105283,
  "std_r": 1.0950478255673302,
  "active_days": 146,
  "positive_day_rate": 0.4383561643835616,
  "avg_daily_r": -0.04243566611894517,
  "median_daily_r": -1.0070742925707366,
  "worst_day_r": -1.0312499999999667,
  "best_day_r": 1.494736842105283,
  "daily_profit_factor_r": 0.9223239963832701,
  "avg_daily_trade_count": 1.0,
  "max_daily_trade_count": 1,
  "estimated_round_trip_cost_per_share": 0.02,
  "avg_risk_per_share": 0.991095890410953,
  "median_risk_per_share": 0.8699999999999477,
  "p10_risk_per_share": 0.4949999999999761,
  "p25_risk_per_share": 0.6525000000000176,
  "avg_cost_r": 0.024966950487915543,
  "median_cost_r": 0.02298850574712782,
  "p90_cost_r": 0.040408163265308016,
  "pct_trades_cost_r_gt_0_25": 0.0,
  "pct_trades_cost_r_gt_0_50": 0.0,
  "pct_trades_cost_r_gt_1_00": 0.0,
  "end_of_session_count": 0,
  "trades_by_strategy_json": "{\"failed_orb\": 102, \"gap_acceptance_failure\": 44}",
  "pnl_by_strategy_json": "{\"failed_orb\": -4.144999999998049, \"gap_acceptance_failure\": 15.250000000000341}",
  "r_by_strategy_json": "{\"failed_orb\": -10.352765709025896, \"gap_acceptance_failure\": 4.157158455659897}",
  "trades_by_family_json": "{\"gap_behavior\": 44, \"opening_reversal\": 102}",
  "pnl_by_family_json": "{\"gap_behavior\": 15.250000000000341, \"opening_reversal\": -4.144999999998049}",
  "r_by_family_json": "{\"gap_behavior\": 4.157158455659897, \"opening_reversal\": -10.352765709025896}",
  "trades_by_candidate_json": "{\"FAILED_ORB_001\": 102, \"GAP_ACCEPTANCE_FAILURE_001\": 44}",
  "pnl_by_candidate_json": "{\"FAILED_ORB_001\": -4.144999999998049, \"GAP_ACCEPTANCE_FAILURE_001\": 15.250000000000341}",
  "r_by_candidate_json": "{\"FAILED_ORB_001\": -10.352765709025896, \"GAP_ACCEPTANCE_FAILURE_001\": 4.157158455659897}",
  "rejected_by_reason_json": "{\"existing_position\": 11, \"lower_priority_conflict\": 4, \"wrong_time_window\": 12}",
  "candidate_signals": 0,
  "rejected_signals": 27,
  "selected_signals": 0,
  "selection_rate": 0.8439306358381503,
  "combiner_score": -0.0030272846099979045,
  "low_trade_count": false,
  "wrong_time_window_rejections": 12,
  "existing_position_rejections": 11,
  "daily_loss_limit_rejections": 0,
  "max_trades_rejections": 0,
  "max_trades_reached_rejections": 0,
  "cooldown_rejections": 0,
  "cooldown_after_loss_rejections": 0,
  "no_new_after_rejections": 0,
  "risk_too_small_rejections": 0,
  "lower_priority_rejections": 4,
  "last_bar_no_entry_rejections": 0,
  "session_boundary_no_entry_rejections": 0,
  "disabled_candidate_rejections": 0,
  "opposite_direction_conflict_rejections": 0,
  "invalid_stop_side_rejections": 0,
  "invalid_target_side_rejections": 0,
  "invalid_target_r_rejections": 0,
  "invalid_price_nan_rejections": 0,
  "trades_by_daily_trade_number_json": "{\"1\": 146}",
  "r_by_daily_trade_number_json": "{\"1\": -6.195607253365995}",
  "pnl_by_daily_trade_number_json": "{\"1\": 11.105000000002292}",
  "profit_factor_r_by_daily_trade_number_json": "{\"1\": 0.9223239963832701}",
  "avg_r_by_daily_trade_number_json": "{\"1\": -0.04243566611894517}",
  "win_rate_by_daily_trade_number_json": "{\"1\": 0.4383561643835616}"
}