profile_id,rows,mean_abs,sum_signed
primary_mtp2_meta,4376,0.08236730448554054,44.99880944323238
pa_gap_mtp2_meta,3494,0.0031642828863743264,7.4043297638255465
pa_only_mtp1_meta,2758,3.8753826156271e-15,-3.4784648902794966e-12
