exit_reason,rows,mean_abs_r_diff,sum_signed_r_diff,exit_reason_match_rate
max_hold,5188,0.07160665551921586,52.40313920704777,0.9082498072474943
target,1862,1.2879302589212261e-14,1.8677948077083784e-11,1.0
stop,3570,3.392493257991851e-15,-1.2002843163827492e-11,1.0
end_of_session,8,4.163336342344337e-17,-3.3306690738754696e-16,0.0
