daily_trade_number,trades,total_r
1,300,44.42599992781343
2,81,23.065243823787995
