{
  "trades": 381,
  "win_rate": 0.4645669291338583,
  "total_net_pnl": 76.58250000000407,
  "avg_net_pnl": 0.20100393700788471,
  "total_r": 67.49124375160143,
  "avg_r": 0.1771423720514473,
  "profit_factor": 1.3679551242012473,
  "max_drawdown_pnl": -32.92749999999887,
  "max_drawdown_r": -15.760413056513357,
  "avg_bars_held": 17.818897637795274,
  "stop_count": 189,
  "target_count": 139,
  "eod_count": 0,
  "end_of_data_count": 0,
  "max_hold_count": 53,
  "profit_factor_r": 1.3443476797552147,
  "median_r": -0.6351351351351642,
  "p25_r": -1.0114942528735527,
  "p75_r": 1.372294372294378,
  "worst_trade_r": -1.090909090908997,
  "best_trade_r": 1.998161764705884,
  "std_r": 1.2907717430142618,
  "active_days": 300,
  "positive_day_rate": 0.54,
  "avg_daily_r": 0.22497081250533804,
  "median_daily_r": 0.22852571881629438,
  "worst_day_r": -2.1152993348114157,
  "best_day_r": 3.719654528478046,
  "daily_profit_factor_r": 1.4176116474837313,
  "avg_daily_trade_count": 1.27,
  "max_daily_trade_count": 2,
  "estimated_round_trip_cost_per_share": 0.02,
  "avg_risk_per_share": 1.1635695538057655,
  "median_risk_per_share": 0.92999999999995,
  "p10_risk_per_share": 0.39999999999997726,
  "p25_risk_per_share": 0.5800000000000409,
  "avg_cost_r": 0.026827235580248132,
  "median_cost_r": 0.02150537634408718,
  "p90_cost_r": 0.05000000000000284,
  "pct_trades_cost_r_gt_0_25": 0.0,
  "pct_trades_cost_r_gt_0_50": 0.0,
  "pct_trades_cost_r_gt_1_00": 0.0,
  "end_of_session_count": 0,
  "trades_by_strategy_json": "{\"failed_orb\": 223, \"gap_acceptance_failure\": 44, \"orb_retest_continuation\": 114}",
  "pnl_by_strategy_json": "{\"failed_orb\": 61.25000000000256, \"gap_acceptance_failure\": 4.395000000000152, \"orb_retest_continuation\": 10.937500000001364}",
  "r_by_strategy_json": "{\"failed_orb\": 49.59804803876363, \"gap_acceptance_failure\": 1.934130667274427, \"orb_retest_continuation\": 15.959065045563369}",
  "trades_by_family_json": "{\"gap_behavior\": 44, \"opening_momentum\": 114, \"opening_reversal\": 223}",
  "pnl_by_family_json": "{\"gap_behavior\": 4.395000000000152, \"opening_momentum\": 10.937500000001364, \"opening_reversal\": 61.25000000000256}",
  "r_by_family_json": "{\"gap_behavior\": 1.934130667274427, \"opening_momentum\": 15.959065045563369, \"opening_reversal\": 49.59804803876363}",
  "trades_by_candidate_json": "{\"FAILED_ORB_001\": 223, \"GAP_ACCEPTANCE_FAILURE_001\": 44, \"ORB_RETEST_CONTINUATION_001\": 114}",
  "pnl_by_candidate_json": "{\"FAILED_ORB_001\": 61.25000000000256, \"GAP_ACCEPTANCE_FAILURE_001\": 4.395000000000152, \"ORB_RETEST_CONTINUATION_001\": 10.937500000001364}",
  "r_by_candidate_json": "{\"FAILED_ORB_001\": 49.59804803876363, \"GAP_ACCEPTANCE_FAILURE_001\": 1.934130667274427, \"ORB_RETEST_CONTINUATION_001\": 15.959065045563369}",
  "rejected_by_reason_json": "{\"existing_position\": 104, \"lower_priority_conflict\": 14}",
  "candidate_signals": 0,
  "rejected_signals": 118,
  "selected_signals": 0,
  "selection_rate": 0.7635270541082164,
  "combiner_score": 0.8296924911420729,
  "low_trade_count": false,
  "wrong_time_window_rejections": 0,
  "existing_position_rejections": 104,
  "daily_loss_limit_rejections": 0,
  "max_trades_rejections": 0,
  "max_trades_reached_rejections": 0,
  "cooldown_rejections": 0,
  "cooldown_after_loss_rejections": 0,
  "no_new_after_rejections": 0,
  "risk_too_small_rejections": 0,
  "lower_priority_rejections": 14,
  "last_bar_no_entry_rejections": 0,
  "session_boundary_no_entry_rejections": 0,
  "disabled_candidate_rejections": 0,
  "opposite_direction_conflict_rejections": 0,
  "invalid_stop_side_rejections": 0,
  "invalid_target_side_rejections": 0,
  "invalid_target_r_rejections": 0,
  "invalid_price_nan_rejections": 0,
  "trades_by_daily_trade_number_json": "{\"1\": 300, \"2\": 81}",
  "r_by_daily_trade_number_json": "{\"1\": 44.42599992781343, \"2\": 23.065243823787995}",
  "pnl_by_daily_trade_number_json": "{\"1\": 59.127500000003636, \"2\": 17.45500000000044}",
  "profit_factor_r_by_daily_trade_number_json": "{\"1\": 1.2790165853546396, \"2\": 1.6272182452824708}",
  "avg_r_by_daily_trade_number_json": "{\"1\": 0.14808666642604476, \"2\": 0.28475609658997525}",
  "win_rate_by_daily_trade_number_json": "{\"1\": 0.45666666666666667, \"2\": 0.49382716049382713}"
}