daily_trade_number,trades,total_r
1,204,7.547178050343273
2,14,4.586959816399265
