{
  "trades": 218,
  "win_rate": 0.48623853211009177,
  "total_net_pnl": 23.810000000002844,
  "avg_net_pnl": 0.10922018348625158,
  "total_r": 12.134137866742531,
  "avg_r": 0.055661182874965735,
  "profit_factor": 1.1522670588987858,
  "max_drawdown_pnl": -38.53999999999951,
  "max_drawdown_r": -20.30026574155132,
  "avg_bars_held": 21.637614678899084,
  "stop_count": 98,
  "target_count": 63,
  "eod_count": 0,
  "end_of_data_count": 0,
  "max_hold_count": 57,
  "profit_factor_r": 1.1178217595397015,
  "median_r": -0.12493284212136394,
  "p25_r": -1.00749341238471,
  "p75_r": 1.2449713392391955,
  "worst_trade_r": -1.027027027027002,
  "best_trade_r": 1.4981617647058894,
  "std_r": 1.0685660845063425,
  "active_days": 204,
  "positive_day_rate": 0.5098039215686274,
  "avg_daily_r": 0.059481067974228134,
  "median_daily_r": 0.05960784313732383,
  "worst_day_r": -2.0359555984555655,
  "best_day_r": 1.4981617647058894,
  "daily_profit_factor_r": 1.1268977971380356,
  "avg_daily_trade_count": 1.0686274509803921,
  "max_daily_trade_count": 2,
  "estimated_round_trip_cost_per_share": 0.02,
  "avg_risk_per_share": 1.5921559633027444,
  "median_risk_per_share": 1.30499999999995,
  "p10_risk_per_share": 0.657000000000005,
  "p25_risk_per_share": 0.9749999999999375,
  "avg_cost_r": 0.017185419932874126,
  "median_cost_r": 0.015325895478567822,
  "p90_cost_r": 0.03044289044289018,
  "pct_trades_cost_r_gt_0_25": 0.0,
  "pct_trades_cost_r_gt_0_50": 0.0,
  "pct_trades_cost_r_gt_1_00": 0.0,
  "end_of_session_count": 0,
  "trades_by_strategy_json": "{\"failed_orb\": 158, \"gap_acceptance_failure\": 60}",
  "pnl_by_strategy_json": "{\"failed_orb\": 30.765000000002033, \"gap_acceptance_failure\": -6.954999999999188}",
  "r_by_strategy_json": "{\"failed_orb\": 17.63159503486499, \"gap_acceptance_failure\": -5.497457168122453}",
  "trades_by_family_json": "{\"gap_behavior\": 60, \"opening_reversal\": 158}",
  "pnl_by_family_json": "{\"gap_behavior\": -6.954999999999188, \"opening_reversal\": 30.765000000002033}",
  "r_by_family_json": "{\"gap_behavior\": -5.497457168122453, \"opening_reversal\": 17.63159503486499}",
  "trades_by_candidate_json": "{\"FAILED_ORB_001\": 158, \"GAP_ACCEPTANCE_FAILURE_001\": 60}",
  "pnl_by_candidate_json": "{\"FAILED_ORB_001\": 30.765000000002033, \"GAP_ACCEPTANCE_FAILURE_001\": -6.954999999999188}",
  "r_by_candidate_json": "{\"FAILED_ORB_001\": 17.63159503486499, \"GAP_ACCEPTANCE_FAILURE_001\": -5.497457168122453}",
  "rejected_by_reason_json": "{\"existing_position\": 24, \"lower_priority_conflict\": 14, \"wrong_time_window\": 4}",
  "candidate_signals": 0,
  "rejected_signals": 42,
  "selected_signals": 0,
  "selection_rate": 0.8384615384615385,
  "combiner_score": -0.43636646002551516,
  "low_trade_count": false,
  "wrong_time_window_rejections": 4,
  "existing_position_rejections": 24,
  "daily_loss_limit_rejections": 0,
  "max_trades_rejections": 0,
  "max_trades_reached_rejections": 0,
  "cooldown_rejections": 0,
  "cooldown_after_loss_rejections": 0,
  "no_new_after_rejections": 0,
  "risk_too_small_rejections": 0,
  "lower_priority_rejections": 14,
  "last_bar_no_entry_rejections": 0,
  "session_boundary_no_entry_rejections": 0,
  "disabled_candidate_rejections": 0,
  "opposite_direction_conflict_rejections": 0,
  "invalid_stop_side_rejections": 0,
  "invalid_target_side_rejections": 0,
  "invalid_target_r_rejections": 0,
  "invalid_price_nan_rejections": 0,
  "trades_by_daily_trade_number_json": "{\"1\": 204, \"2\": 14}",
  "r_by_daily_trade_number_json": "{\"1\": 7.547178050343275, \"2\": 4.586959816399264}",
  "pnl_by_daily_trade_number_json": "{\"1\": 21.175000000002683, \"2\": 2.6350000000001614}",
  "profit_factor_r_by_daily_trade_number_json": "{\"1\": 1.0773337199195439, \"2\": 1.850238655046661}",
  "avg_r_by_daily_trade_number_json": "{\"1\": 0.03699597083501605, \"2\": 0.3276399868856617}",
  "win_rate_by_daily_trade_number_json": "{\"1\": 0.4803921568627451, \"2\": 0.5714285714285714}"
}