{
  "trades": 316,
  "win_rate": 0.40189873417721517,
  "total_net_pnl": 3.791250000003174,
  "avg_net_pnl": 0.011997626582288526,
  "total_r": 0.8314046900229295,
  "avg_r": 0.0026310275000725617,
  "profit_factor": 1.0332886996224715,
  "max_drawdown_pnl": -10.401249999999038,
  "max_drawdown_r": -17.841725020979595,
  "avg_bars_held": 14.835443037974683,
  "stop_count": 184,
  "target_count": 115,
  "eod_count": 0,
  "end_of_data_count": 0,
  "max_hold_count": 17,
  "profit_factor_r": 1.0043845587268918,
  "median_r": -1.0112373737373637,
  "p25_r": -1.0192307692307525,
  "p75_r": 1.2350453339230452,
  "worst_trade_r": -1.0833333333332544,
  "best_trade_r": 1.9894736842105358,
  "std_r": 1.2591374922924181,
  "active_days": 233,
  "positive_day_rate": 0.5236051502145923,
  "avg_daily_r": 0.0035682604722014105,
  "median_daily_r": 0.17161172161183091,
  "worst_day_r": -2.1161202185791255,
  "best_day_r": 3.212433862433949,
  "daily_profit_factor_r": 1.005338074787602,
  "avg_daily_trade_count": 1.3562231759656653,
  "max_daily_trade_count": 2,
  "estimated_round_trip_cost_per_share": 0.02,
  "avg_risk_per_share": 0.6280221518987249,
  "median_risk_per_share": 0.5699999999999932,
  "p10_risk_per_share": 0.2849999999999966,
  "p25_risk_per_share": 0.4300000000000068,
  "avg_cost_r": 0.04135754864422618,
  "median_cost_r": 0.035087719298246035,
  "p90_cost_r": 0.07019704433497592,
  "pct_trades_cost_r_gt_0_25": 0.0,
  "pct_trades_cost_r_gt_0_50": 0.0,
  "pct_trades_cost_r_gt_1_00": 0.0,
  "end_of_session_count": 0,
  "trades_by_strategy_json": "{\"failed_orb\": 158, \"gap_acceptance_failure\": 17, \"orb_continuation\": 141}",
  "pnl_by_strategy_json": "{\"failed_orb\": 4.660000000002299, \"gap_acceptance_failure\": 2.825000000000159, \"orb_continuation\": -3.6937499999992838}",
  "r_by_strategy_json": "{\"failed_orb\": -3.650401402826853, \"gap_acceptance_failure\": 3.381268423884981, \"orb_continuation\": 1.1005376689647997}",
  "trades_by_family_json": "{\"gap_behavior\": 17, \"opening_momentum\": 141, \"opening_reversal\": 158}",
  "pnl_by_family_json": "{\"gap_behavior\": 2.825000000000159, \"opening_momentum\": -3.6937499999992838, \"opening_reversal\": 4.660000000002299}",
  "r_by_family_json": "{\"gap_behavior\": 3.381268423884981, \"opening_momentum\": 1.1005376689647997, \"opening_reversal\": -3.650401402826853}",
  "trades_by_candidate_json": "{\"FAILED_ORB_001\": 158, \"GAP_ACCEPTANCE_FAILURE_001\": 17, \"ORB_CONTINUATION_001\": 141}",
  "pnl_by_candidate_json": "{\"FAILED_ORB_001\": 4.660000000002299, \"GAP_ACCEPTANCE_FAILURE_001\": 2.825000000000159, \"ORB_CONTINUATION_001\": -3.6937499999992838}",
  "r_by_candidate_json": "{\"FAILED_ORB_001\": -3.650401402826853, \"GAP_ACCEPTANCE_FAILURE_001\": 3.381268423884981, \"ORB_CONTINUATION_001\": 1.1005376689647997}",
  "rejected_by_reason_json": "{\"existing_position\": 89, \"lower_priority_conflict\": 3, \"wrong_time_window\": 4}",
  "candidate_signals": 0,
  "rejected_signals": 96,
  "selected_signals": 0,
  "selection_rate": 0.7669902912621359,
  "combiner_score": 0.1556725763054529,
  "low_trade_count": false,
  "wrong_time_window_rejections": 4,
  "existing_position_rejections": 89,
  "daily_loss_limit_rejections": 0,
  "max_trades_rejections": 0,
  "max_trades_reached_rejections": 0,
  "cooldown_rejections": 0,
  "cooldown_after_loss_rejections": 0,
  "no_new_after_rejections": 0,
  "risk_too_small_rejections": 0,
  "lower_priority_rejections": 3,
  "last_bar_no_entry_rejections": 0,
  "session_boundary_no_entry_rejections": 0,
  "disabled_candidate_rejections": 0,
  "opposite_direction_conflict_rejections": 0,
  "invalid_stop_side_rejections": 0,
  "invalid_target_side_rejections": 0,
  "invalid_target_r_rejections": 0,
  "invalid_price_nan_rejections": 0,
  "trades_by_daily_trade_number_json": "{\"1\": 233, \"2\": 83}",
  "r_by_daily_trade_number_json": "{\"1\": 17.646505812503733, \"2\": -16.8151011224808}",
  "pnl_by_daily_trade_number_json": "{\"1\": 4.510000000002549, \"2\": -0.7187499999993747}",
  "profit_factor_r_by_daily_trade_number_json": "{\"1\": 1.1346216903765416, \"2\": 0.7127532587583898}",
  "avg_r_by_daily_trade_number_json": "{\"1\": 0.07573607644851388, \"2\": -0.2025915797889253}",
  "win_rate_by_daily_trade_number_json": "{\"1\": 0.4334763948497854, \"2\": 0.3132530120481928}"
}