tag,trades,total_r,profit_factor,profit_factor_r,max_drawdown_r,avg_cost_r,median_cost_r,combiner_score
layer3_smoke_v1_diagnosis_qqq_components_recent_opening_no_retest_y2023,316,0.8314046900229295,1.0332886996224715,1.0043845587268918,-17.841725020979595,0.04135754864422618,0.035087719298246035,0.1556725763054529
