stat,value
count,10628.0
mean,0.03495439676644034
std,0.18517059365327557
min,0.0
50%,0.0
90%,3.430589146091734e-14
99%,1.1161971830985693
max,1.8535502958579866
