stat,value
count,1.0
mean,0.39999999999997726
std,
min,0.39999999999997726
50%,0.39999999999997726
90%,0.39999999999997726
99%,0.39999999999997726
max,0.39999999999997726
