{
  "trades": 253,
  "win_rate": 0.44664031620553357,
  "total_net_pnl": 63.577500000002715,
  "avg_net_pnl": 0.25129446640317277,
  "total_r": 47.7194723232032,
  "avg_r": 0.1886145151114751,
  "profit_factor": 1.4180804892483985,
  "max_drawdown_pnl": -26.904999999999177,
  "max_drawdown_r": -15.131143400023866,
  "avg_bars_held": 20.608695652173914,
  "stop_count": 136,
  "target_count": 86,
  "eod_count": 0,
  "end_of_data_count": 0,
  "max_hold_count": 31,
  "profit_factor_r": 1.341490084799487,
  "median_r": -1.0042016806722651,
  "p25_r": -1.0124999999999893,
  "p75_r": 1.9761904761904956,
  "worst_trade_r": -1.090909090908997,
  "best_trade_r": 1.998161764705884,
  "std_r": 1.377485828775452,
  "active_days": 253,
  "positive_day_rate": 0.44664031620553357,
  "avg_daily_r": 0.1886145151114751,
  "median_daily_r": -1.0042016806722651,
  "worst_day_r": -1.090909090908997,
  "best_day_r": 1.998161764705884,
  "daily_profit_factor_r": 1.341490084799487,
  "avg_daily_trade_count": 1.0,
  "max_daily_trade_count": 1,
  "estimated_round_trip_cost_per_share": 0.02,
  "avg_risk_per_share": 1.211106719367579,
  "median_risk_per_share": 0.9300000000000068,
  "p10_risk_per_share": 0.3720000000000028,
  "p25_risk_per_share": 0.5399999999999636,
  "avg_cost_r": 0.028229767921483108,
  "median_cost_r": 0.021505376344085864,
  "p90_cost_r": 0.05376955903271654,
  "pct_trades_cost_r_gt_0_25": 0.0,
  "pct_trades_cost_r_gt_0_50": 0.0,
  "pct_trades_cost_r_gt_1_00": 0.0,
  "end_of_session_count": 0,
  "trades_by_strategy_json": "{\"failed_orb\": 206, \"gap_acceptance_failure\": 47}",
  "pnl_by_strategy_json": "{\"failed_orb\": 60.020000000002426, \"gap_acceptance_failure\": 3.5575000000002888}",
  "r_by_strategy_json": "{\"failed_orb\": 45.82281786447946, \"gap_acceptance_failure\": 1.8966544587237353}",
  "trades_by_family_json": "{\"gap_behavior\": 47, \"opening_reversal\": 206}",
  "pnl_by_family_json": "{\"gap_behavior\": 3.5575000000002888, \"opening_reversal\": 60.020000000002426}",
  "r_by_family_json": "{\"gap_behavior\": 1.8966544587237353, \"opening_reversal\": 45.82281786447946}",
  "trades_by_candidate_json": "{\"FAILED_ORB_001\": 206, \"GAP_ACCEPTANCE_FAILURE_001\": 47}",
  "pnl_by_candidate_json": "{\"FAILED_ORB_001\": 60.020000000002426, \"GAP_ACCEPTANCE_FAILURE_001\": 3.5575000000002888}",
  "r_by_candidate_json": "{\"FAILED_ORB_001\": 45.82281786447946, \"GAP_ACCEPTANCE_FAILURE_001\": 1.8966544587237353}",
  "rejected_by_reason_json": "{\"existing_position\": 26, \"lower_priority_conflict\": 7}",
  "candidate_signals": 0,
  "rejected_signals": 33,
  "selected_signals": 0,
  "selection_rate": 0.8846153846153846,
  "combiner_score": 1.0393295764435564,
  "low_trade_count": false,
  "wrong_time_window_rejections": 0,
  "existing_position_rejections": 26,
  "daily_loss_limit_rejections": 0,
  "max_trades_rejections": 0,
  "max_trades_reached_rejections": 0,
  "cooldown_rejections": 0,
  "cooldown_after_loss_rejections": 0,
  "no_new_after_rejections": 0,
  "risk_too_small_rejections": 0,
  "lower_priority_rejections": 7,
  "last_bar_no_entry_rejections": 0,
  "session_boundary_no_entry_rejections": 0,
  "disabled_candidate_rejections": 0,
  "opposite_direction_conflict_rejections": 0,
  "invalid_stop_side_rejections": 0,
  "invalid_target_side_rejections": 0,
  "invalid_target_r_rejections": 0,
  "invalid_price_nan_rejections": 0,
  "trades_by_daily_trade_number_json": "{\"1\": 253}",
  "r_by_daily_trade_number_json": "{\"1\": 47.7194723232032}",
  "pnl_by_daily_trade_number_json": "{\"1\": 63.577500000002715}",
  "profit_factor_r_by_daily_trade_number_json": "{\"1\": 1.341490084799487}",
  "avg_r_by_daily_trade_number_json": "{\"1\": 0.1886145151114751}",
  "win_rate_by_daily_trade_number_json": "{\"1\": 0.44664031620553357}"
}