context_bucket,bucket,trades,total_r,avg_r,win_rate,pf_r,max_dd_r_proxy
late_climax,B,636,-40.987000144968945,-0.06444496878139772,0.4371069182389937,0.866842409621192,-125.89350921169493
late_climax,C,6010,336.8503359541357,0.056048308811004276,0.5048252911813644,1.143133239439539,-87.17308523471387
trading_range,B,54,12.985352393688629,0.24046948877201166,0.5185185185185185,1.654952975344769,-5.660609931209336
trading_range,C,284,44.24772728164028,0.15580185662549395,0.5211267605633803,1.3989589796186,-22.687253719191713
trend_long,A,34,1.3116257666167035,0.03857722842990304,0.5882352941176471,1.167922757302024,-6.71591543677695
trend_long,B,1380,133.83489466923888,0.09698180773133253,0.5507246376811594,1.3368199678230468,-47.013180901081775
trend_long,C,236,27.10693623899093,0.11485989931775818,0.4745762711864407,1.4512023663627942,-17.537465161865985
trend_short_diagnostic,C,12,7.8231055698059615,0.6519254641504968,0.8333333333333334,18.652135644690905,-0.443181818181805
unknown_mixed,B,918,46.096203769617695,0.05021372959653344,0.48148148148148145,1.0974429623332234,-94.41900166816404
unknown_mixed,C,1064,175.68082439801523,0.1651135567650519,0.5375939849624061,1.439083943070642,-27.016388394438955
