bucket,trades,share
C,7606,0.7156567557395559
B,2988,0.2811441475348137
A,34,0.00319909672563041
