daily_trade_number,trades,total_r
1,231,-6.905058115263214
2,95,-18.1592001248722
