period,trades,total_r,total_net_pnl,profit_factor,profit_factor_r,max_drawdown_r,win_rate,avg_r,median_r
2024-01,33,-2.2243682417902377,-2.5324999999996862,0.8035298681148366,0.8907367751065158,-4.819617214282201,0.3939393939393939,-0.06740509823606781,-1.0114285714285611
2024-02,24,-10.77158156146958,-4.912499999999511,0.49563655030803827,0.41492510036354857,-10.771581561469583,0.25,-0.4488158983945658,-1.0160852713178148
2024-03,24,-1.2498353655874719,-1.927500000000009,0.8329722703639477,0.9179824763771156,-6.8110045637851835,0.375,-0.052076473566144664,-1.0088876036244376
2024-04,31,-1.766986122945371,-2.8162499999993997,0.8046305931321905,0.9085376880871168,-8.178417909269346,0.3870967741935484,-0.05699955235307648,-1.009259259259251
2024-05,28,-5.224566553026689,-1.831249999999443,0.7905946255003402,0.7001792521056087,-9.572341563725985,0.39285714285714285,-0.18659166260809604,-1.0125019534302124
2024-06,26,-6.255798943625314,-5.176249999999698,0.5396843041351913,0.6595827646969455,-9.664615628194024,0.3076923076923077,-0.24060765167789672,-1.0137536629170876
2024-07,28,0.780013121842962,0.43500000000011596,1.037227214377418,1.0451149212815647,-4.455781903026693,0.39285714285714285,0.0278576114943915,-1.0124228395061614
2024-08,27,8.092990782420934,15.396249999999895,2.185238645111626,1.6127907186221635,-3.079489903731476,0.5185185185185185,0.2997403993489235,1.22183098591552
2024-09,25,-10.354369971887547,-11.504999999999825,0.3401204473759694,0.4623090928476131,-10.354369971887547,0.24,-0.41417479887550185,-1.0105263157894642
2024-10,30,4.152994788353086,3.8850000000001614,1.3575701794754036,1.2548248144651941,-4.11140268814864,0.4666666666666667,0.13843315961176955,-1.0091868972397657
2024-11,23,-4.0573560000709055,-1.9874999999996135,0.8299101412067058,0.7339209771953594,-10.278012886915707,0.34782608695652173,-0.1764067826117785,-1.0098039215686188
2024-12,27,3.814605827650718,0.2312500000003297,1.0167148536321167,1.269010906578711,-5.724225930433377,0.48148148148148145,0.14128169732039697,-1.004694835680747
