daily_trade_number,trades,total_r
1,233,17.64650581250373
2,94,-16.941107657756227
