{
  "trades": 327,
  "win_rate": 0.4036697247706422,
  "total_net_pnl": 3.8887500000033697,
  "avg_net_pnl": 0.01189220183487269,
  "total_r": 0.7053981547475034,
  "avg_r": 0.0021571809013685122,
  "profit_factor": 1.0331182933061105,
  "max_drawdown_pnl": -8.754999999999313,
  "max_drawdown_r": -16.665281244192045,
  "avg_bars_held": 15.119266055045872,
  "stop_count": 187,
  "target_count": 119,
  "eod_count": 0,
  "end_of_data_count": 0,
  "max_hold_count": 21,
  "profit_factor_r": 1.0036438796471865,
  "median_r": -1.0108695652173811,
  "p25_r": -1.0190493468795179,
  "p75_r": 1.2349624060150404,
  "worst_trade_r": -1.0833333333332544,
  "best_trade_r": 1.9894736842105358,
  "std_r": 1.2436955752544687,
  "active_days": 233,
  "positive_day_rate": 0.5321888412017167,
  "avg_daily_r": 0.00302745989162019,
  "median_daily_r": 0.1915584415584881,
  "worst_day_r": -2.1161202185791255,
  "best_day_r": 3.212433862433949,
  "daily_profit_factor_r": 1.004586693751221,
  "avg_daily_trade_count": 1.4034334763948497,
  "max_daily_trade_count": 2,
  "estimated_round_trip_cost_per_share": 0.02,
  "avg_risk_per_share": 0.6368042813455564,
  "median_risk_per_share": 0.5849999999999795,
  "p10_risk_per_share": 0.2899999999999636,
  "p25_risk_per_share": 0.4300000000000068,
  "avg_cost_r": 0.04068459551164527,
  "median_cost_r": 0.034188034188035385,
  "p90_cost_r": 0.06896551724138797,
  "pct_trades_cost_r_gt_0_25": 0.0,
  "pct_trades_cost_r_gt_0_50": 0.0,
  "pct_trades_cost_r_gt_1_00": 0.0,
  "end_of_session_count": 0,
  "trades_by_strategy_json": "{\"failed_orb\": 153, \"gap_acceptance_failure\": 17, \"orb_continuation\": 141, \"orb_retest_continuation\": 16}",
  "pnl_by_strategy_json": "{\"failed_orb\": 3.6400000000022033, \"gap_acceptance_failure\": 2.825000000000159, \"orb_continuation\": -3.6937499999992838, \"orb_retest_continuation\": 1.117500000000291}",
  "r_by_strategy_json": "{\"failed_orb\": -4.514087474270469, \"gap_acceptance_failure\": 3.381268423884981, \"orb_continuation\": 1.1005376689647997, \"orb_retest_continuation\": 0.7376795361681902}",
  "trades_by_family_json": "{\"gap_behavior\": 17, \"opening_momentum\": 157, \"opening_reversal\": 153}",
  "pnl_by_family_json": "{\"gap_behavior\": 2.825000000000159, \"opening_momentum\": -2.5762499999989927, \"opening_reversal\": 3.6400000000022033}",
  "r_by_family_json": "{\"gap_behavior\": 3.381268423884981, \"opening_momentum\": 1.8382172051329897, \"opening_reversal\": -4.514087474270469}",
  "trades_by_candidate_json": "{\"FAILED_ORB_001\": 153, \"GAP_ACCEPTANCE_FAILURE_001\": 17, \"ORB_CONTINUATION_001\": 141, \"ORB_RETEST_CONTINUATION_001\": 16}",
  "pnl_by_candidate_json": "{\"FAILED_ORB_001\": 3.6400000000022033, \"GAP_ACCEPTANCE_FAILURE_001\": 2.825000000000159, \"ORB_CONTINUATION_001\": -3.6937499999992838, \"ORB_RETEST_CONTINUATION_001\": 1.117500000000291}",
  "r_by_candidate_json": "{\"FAILED_ORB_001\": -4.514087474270469, \"GAP_ACCEPTANCE_FAILURE_001\": 3.381268423884981, \"ORB_CONTINUATION_001\": 1.1005376689647997, \"ORB_RETEST_CONTINUATION_001\": 0.7376795361681902}",
  "rejected_by_reason_json": "{\"existing_position\": 210, \"lower_priority_conflict\": 23, \"wrong_time_window\": 4}",
  "candidate_signals": 0,
  "rejected_signals": 237,
  "selected_signals": 0,
  "selection_rate": 0.5797872340425532,
  "combiner_score": 0.10862156224651581,
  "low_trade_count": false,
  "wrong_time_window_rejections": 4,
  "existing_position_rejections": 210,
  "daily_loss_limit_rejections": 0,
  "max_trades_rejections": 0,
  "max_trades_reached_rejections": 0,
  "cooldown_rejections": 0,
  "cooldown_after_loss_rejections": 0,
  "no_new_after_rejections": 0,
  "risk_too_small_rejections": 0,
  "lower_priority_rejections": 23,
  "last_bar_no_entry_rejections": 0,
  "session_boundary_no_entry_rejections": 0,
  "disabled_candidate_rejections": 0,
  "opposite_direction_conflict_rejections": 0,
  "invalid_stop_side_rejections": 0,
  "invalid_target_side_rejections": 0,
  "invalid_target_r_rejections": 0,
  "invalid_price_nan_rejections": 0,
  "trades_by_daily_trade_number_json": "{\"1\": 233, \"2\": 94}",
  "r_by_daily_trade_number_json": "{\"1\": 17.646505812503733, \"2\": -16.941107657756227}",
  "pnl_by_daily_trade_number_json": "{\"1\": 4.510000000002549, \"2\": -0.6212499999991792}",
  "profit_factor_r_by_daily_trade_number_json": "{\"1\": 1.1346216903765416, \"2\": 0.728951748133773}",
  "avg_r_by_daily_trade_number_json": "{\"1\": 0.07573607644851388, \"2\": -0.18022454955059816}",
  "win_rate_by_daily_trade_number_json": "{\"1\": 0.4334763948497854, \"2\": 0.32978723404255317}"
}