quality_decile,count,sum,mean
"(52.999, 58.0]",288,31.607919489058474,0.1097497204481197
"(58.0, 61.0]",49,10.595207814111955,0.21622873090024397
