bars_bucket,rows,sum_signed_r_diff,mean_abs_r_diff
"(15,30]",440,37.59447967940428,0.7940530000539273
"(60,120]",36,14.808659527655383,0.6142224669431071
