{
  "trades": 73,
  "win_rate": 0.5342465753424658,
  "total_net_pnl": 20.257500000000675,
  "avg_net_pnl": 0.27750000000000924,
  "total_r": 12.211874128748253,
  "avg_r": 0.16728594696915414,
  "profit_factor": 1.675475158386169,
  "max_drawdown_pnl": -3.8299999999998704,
  "max_drawdown_r": -5.001207656423794,
  "avg_bars_held": 29.095890410958905,
  "stop_count": 32,
  "target_count": 35,
  "eod_count": 0,
  "end_of_data_count": 0,
  "max_hold_count": 6,
  "profit_factor_r": 1.3727013496162896,
  "median_r": 0.43518518518521687,
  "p25_r": -1.0111111111111006,
  "p75_r": 1.2394736842105507,
  "worst_trade_r": -1.0238095238095013,
  "best_trade_r": 1.2469135802469207,
  "std_r": 1.0802286421114622,
  "active_days": 73,
  "positive_day_rate": 0.5342465753424658,
  "avg_daily_r": 0.16728594696915414,
  "median_daily_r": 0.43518518518521687,
  "worst_day_r": -1.0238095238095013,
  "best_day_r": 1.2469135802469207,
  "daily_profit_factor_r": 1.3727013496162896,
  "avg_daily_trade_count": 1.0,
  "max_daily_trade_count": 1,
  "estimated_round_trip_cost_per_share": 0.02,
  "avg_risk_per_share": 1.0428767123287586,
  "median_risk_per_share": 0.9599999999999795,
  "p10_risk_per_share": 0.47199999999998,
  "p25_risk_per_share": 0.7199999999999704,
  "avg_cost_r": 0.024409307382787977,
  "median_cost_r": 0.020833333333333776,
  "p90_cost_r": 0.04237588652482452,
  "pct_trades_cost_r_gt_0_25": 0.0,
  "pct_trades_cost_r_gt_0_50": 0.0,
  "pct_trades_cost_r_gt_1_00": 0.0,
  "end_of_session_count": 0,
  "trades_by_strategy_json": "{\"gap_acceptance_failure\": 73}",
  "pnl_by_strategy_json": "{\"gap_acceptance_failure\": 20.257500000000675}",
  "r_by_strategy_json": "{\"gap_acceptance_failure\": 12.211874128748253}",
  "trades_by_family_json": "{\"gap_behavior\": 73}",
  "pnl_by_family_json": "{\"gap_behavior\": 20.257500000000675}",
  "r_by_family_json": "{\"gap_behavior\": 12.211874128748253}",
  "trades_by_candidate_json": "{\"GAP_ACCEPTANCE_FAILURE_001\": 73}",
  "pnl_by_candidate_json": "{\"GAP_ACCEPTANCE_FAILURE_001\": 20.257500000000675}",
  "r_by_candidate_json": "{\"GAP_ACCEPTANCE_FAILURE_001\": 12.211874128748253}",
  "rejected_by_reason_json": "{}",
  "candidate_signals": 0,
  "rejected_signals": 0,
  "selected_signals": 0,
  "selection_rate": 1.0,
  "combiner_score": 1.5595211502137203,
  "low_trade_count": false,
  "wrong_time_window_rejections": 0,
  "existing_position_rejections": 0,
  "daily_loss_limit_rejections": 0,
  "max_trades_rejections": 0,
  "max_trades_reached_rejections": 0,
  "cooldown_rejections": 0,
  "cooldown_after_loss_rejections": 0,
  "no_new_after_rejections": 0,
  "risk_too_small_rejections": 0,
  "lower_priority_rejections": 0,
  "last_bar_no_entry_rejections": 0,
  "session_boundary_no_entry_rejections": 0,
  "disabled_candidate_rejections": 0,
  "opposite_direction_conflict_rejections": 0,
  "invalid_stop_side_rejections": 0,
  "invalid_target_side_rejections": 0,
  "invalid_target_r_rejections": 0,
  "invalid_price_nan_rejections": 0,
  "trades_by_daily_trade_number_json": "{\"1\": 73}",
  "r_by_daily_trade_number_json": "{\"1\": 12.211874128748253}",
  "pnl_by_daily_trade_number_json": "{\"1\": 20.257500000000675}",
  "profit_factor_r_by_daily_trade_number_json": "{\"1\": 1.3727013496162896}",
  "avg_r_by_daily_trade_number_json": "{\"1\": 0.16728594696915414}",
  "win_rate_by_daily_trade_number_json": "{\"1\": 0.5342465753424658}"
}