{
  "trades": 163,
  "win_rate": 0.3496932515337423,
  "total_net_pnl": 1.9700000000024147,
  "avg_net_pnl": 0.01208588957056696,
  "total_r": -7.559205085401032,
  "avg_r": -0.04637549132147872,
  "profit_factor": 1.03504714463623,
  "max_drawdown_pnl": -9.619999999998697,
  "max_drawdown_r": -22.708087897422327,
  "avg_bars_held": 16.11042944785276,
  "stop_count": 104,
  "target_count": 45,
  "eod_count": 0,
  "end_of_data_count": 0,
  "max_hold_count": 14,
  "profit_factor_r": 0.9297901634791813,
  "median_r": -1.0136986301369735,
  "p25_r": -1.0232558139534669,
  "p75_r": 1.9564393939394313,
  "worst_trade_r": -1.0833333333332544,
  "best_trade_r": 1.9894736842105358,
  "std_r": 1.3581730086428985,
  "active_days": 163,
  "positive_day_rate": 0.3496932515337423,
  "avg_daily_r": -0.04637549132147872,
  "median_daily_r": -1.0136986301369735,
  "worst_day_r": -1.0833333333332544,
  "best_day_r": 1.9894736842105358,
  "daily_profit_factor_r": 0.9297901634791813,
  "avg_daily_trade_count": 1.0,
  "max_daily_trade_count": 1,
  "estimated_round_trip_cost_per_share": 0.02,
  "avg_risk_per_share": 0.5737423312883344,
  "median_risk_per_share": 0.5199999999999818,
  "p10_risk_per_share": 0.2119999999999777,
  "p25_risk_per_share": 0.33500000000000796,
  "avg_cost_r": 0.048562529030138156,
  "median_cost_r": 0.03846153846153981,
  "p90_cost_r": 0.0943722943723043,
  "pct_trades_cost_r_gt_0_25": 0.0,
  "pct_trades_cost_r_gt_0_50": 0.0,
  "pct_trades_cost_r_gt_1_00": 0.0,
  "end_of_session_count": 0,
  "trades_by_strategy_json": "{\"failed_orb\": 163}",
  "pnl_by_strategy_json": "{\"failed_orb\": 1.9700000000024147}",
  "r_by_strategy_json": "{\"failed_orb\": -7.559205085401035}",
  "trades_by_family_json": "{\"opening_reversal\": 163}",
  "pnl_by_family_json": "{\"opening_reversal\": 1.9700000000024147}",
  "r_by_family_json": "{\"opening_reversal\": -7.559205085401035}",
  "trades_by_candidate_json": "{\"FAILED_ORB_001\": 163}",
  "pnl_by_candidate_json": "{\"FAILED_ORB_001\": 1.9700000000024147}",
  "r_by_candidate_json": "{\"FAILED_ORB_001\": -7.559205085401035}",
  "rejected_by_reason_json": "{}",
  "candidate_signals": 0,
  "rejected_signals": 0,
  "selected_signals": 0,
  "selection_rate": 1.0,
  "combiner_score": -0.05569399801530814,
  "low_trade_count": false,
  "wrong_time_window_rejections": 0,
  "existing_position_rejections": 0,
  "daily_loss_limit_rejections": 0,
  "max_trades_rejections": 0,
  "max_trades_reached_rejections": 0,
  "cooldown_rejections": 0,
  "cooldown_after_loss_rejections": 0,
  "no_new_after_rejections": 0,
  "risk_too_small_rejections": 0,
  "lower_priority_rejections": 0,
  "last_bar_no_entry_rejections": 0,
  "session_boundary_no_entry_rejections": 0,
  "disabled_candidate_rejections": 0,
  "opposite_direction_conflict_rejections": 0,
  "invalid_stop_side_rejections": 0,
  "invalid_target_side_rejections": 0,
  "invalid_target_r_rejections": 0,
  "invalid_price_nan_rejections": 0,
  "trades_by_daily_trade_number_json": "{\"1\": 163}",
  "r_by_daily_trade_number_json": "{\"1\": -7.559205085401032}",
  "pnl_by_daily_trade_number_json": "{\"1\": 1.9700000000024147}",
  "profit_factor_r_by_daily_trade_number_json": "{\"1\": 0.9297901634791813}",
  "avg_r_by_daily_trade_number_json": "{\"1\": -0.04637549132147872}",
  "win_rate_by_daily_trade_number_json": "{\"1\": 0.3496932515337423}"
}