daily_trade_number,trades,total_r
1,181,4.9944269599137545
2,18,-9.006776241373204
