{
  "trades": 199,
  "win_rate": 0.36683417085427134,
  "total_net_pnl": 7.240000000002908,
  "avg_net_pnl": 0.036381909547753305,
  "total_r": -4.012349281459449,
  "avg_r": -0.020162559203313814,
  "profit_factor": 1.0969469737547288,
  "max_drawdown_pnl": -13.14499999999805,
  "max_drawdown_r": -25.76995417403195,
  "avg_bars_held": 20.12060301507538,
  "stop_count": 122,
  "target_count": 55,
  "eod_count": 0,
  "end_of_data_count": 0,
  "max_hold_count": 22,
  "profit_factor_r": 0.9682816108910473,
  "median_r": -1.0114942528735535,
  "p25_r": -1.0217391304347625,
  "p75_r": 1.7379237596392043,
  "worst_trade_r": -1.0833333333332544,
  "best_trade_r": 1.9894736842105358,
  "std_r": 1.3351275154310016,
  "active_days": 181,
  "positive_day_rate": 0.39779005524861877,
  "avg_daily_r": -0.022167675588173747,
  "median_daily_r": -1.0111111111111013,
  "worst_day_r": -2.0707644628098656,
  "best_day_r": 1.9894736842105358,
  "daily_profit_factor_r": 0.9671723950617683,
  "avg_daily_trade_count": 1.0994475138121547,
  "max_daily_trade_count": 2,
  "estimated_round_trip_cost_per_share": 0.02,
  "avg_risk_per_share": 0.6614572864321507,
  "median_risk_per_share": 0.5600000000000023,
  "p10_risk_per_share": 0.21999999999997044,
  "p25_risk_per_share": 0.38999999999998636,
  "avg_cost_r": 0.044366892253194665,
  "median_cost_r": 0.03571428571428557,
  "p90_cost_r": 0.09090909090910312,
  "pct_trades_cost_r_gt_0_25": 0.0,
  "pct_trades_cost_r_gt_0_50": 0.0,
  "pct_trades_cost_r_gt_1_00": 0.0,
  "end_of_session_count": 0,
  "trades_by_strategy_json": "{\"failed_orb\": 161, \"gap_acceptance_failure\": 38}",
  "pnl_by_strategy_json": "{\"failed_orb\": 3.860000000002401, \"gap_acceptance_failure\": 3.380000000000507}",
  "r_by_strategy_json": "{\"failed_orb\": -5.537710832527492, \"gap_acceptance_failure\": 1.5253615510680423}",
  "trades_by_family_json": "{\"gap_behavior\": 38, \"opening_reversal\": 161}",
  "pnl_by_family_json": "{\"gap_behavior\": 3.380000000000507, \"opening_reversal\": 3.860000000002401}",
  "r_by_family_json": "{\"gap_behavior\": 1.5253615510680423, \"opening_reversal\": -5.537710832527492}",
  "trades_by_candidate_json": "{\"FAILED_ORB_001\": 161, \"GAP_ACCEPTANCE_FAILURE_001\": 38}",
  "pnl_by_candidate_json": "{\"FAILED_ORB_001\": 3.860000000002401, \"GAP_ACCEPTANCE_FAILURE_001\": 3.380000000000507}",
  "r_by_candidate_json": "{\"FAILED_ORB_001\": -5.537710832527492, \"GAP_ACCEPTANCE_FAILURE_001\": 1.5253615510680423}",
  "rejected_by_reason_json": "{\"existing_position\": 10, \"lower_priority_conflict\": 2}",
  "candidate_signals": 0,
  "rejected_signals": 12,
  "selected_signals": 0,
  "selection_rate": 0.943127962085308,
  "combiner_score": -0.19645749370319684,
  "low_trade_count": false,
  "wrong_time_window_rejections": 0,
  "existing_position_rejections": 10,
  "daily_loss_limit_rejections": 0,
  "max_trades_rejections": 0,
  "max_trades_reached_rejections": 0,
  "cooldown_rejections": 0,
  "cooldown_after_loss_rejections": 0,
  "no_new_after_rejections": 0,
  "risk_too_small_rejections": 0,
  "lower_priority_rejections": 2,
  "last_bar_no_entry_rejections": 0,
  "session_boundary_no_entry_rejections": 0,
  "disabled_candidate_rejections": 0,
  "opposite_direction_conflict_rejections": 0,
  "invalid_stop_side_rejections": 0,
  "invalid_target_side_rejections": 0,
  "invalid_target_r_rejections": 0,
  "invalid_price_nan_rejections": 0,
  "trades_by_daily_trade_number_json": "{\"1\": 181, \"2\": 18}",
  "r_by_daily_trade_number_json": "{\"1\": 4.994426959913756, \"2\": -9.006776241373204}",
  "pnl_by_daily_trade_number_json": "{\"1\": 10.410000000002697, \"2\": -3.1699999999997885}",
  "profit_factor_r_by_daily_trade_number_json": "{\"1\": 1.0445343778709608, \"2\": 0.3724145992468013}",
  "avg_r_by_daily_trade_number_json": "{\"1\": 0.027593519115545615, \"2\": -0.5003764578540669}",
  "win_rate_by_daily_trade_number_json": "{\"1\": 0.3812154696132597, \"2\": 0.2222222222222222}"
}