{
  "trades": 177,
  "win_rate": 0.3389830508474576,
  "total_net_pnl": -8.069999999998458,
  "avg_net_pnl": -0.04559322033897434,
  "total_r": -14.26209861964843,
  "avg_r": -0.08057682835959565,
  "profit_factor": 0.9052594505752687,
  "max_drawdown_pnl": -13.209999999999013,
  "max_drawdown_r": -19.268982842054072,
  "avg_bars_held": 16.389830508474578,
  "stop_count": 117,
  "target_count": 49,
  "eod_count": 0,
  "end_of_data_count": 0,
  "max_hold_count": 11,
  "profit_factor_r": 0.8803591455259987,
  "median_r": -1.0106382978723307,
  "p25_r": -1.0199999999999818,
  "p75_r": 1.7397959183673413,
  "worst_trade_r": -1.0526315789473213,
  "best_trade_r": 1.9916666666666742,
  "std_r": 1.3343760072295598,
  "active_days": 177,
  "positive_day_rate": 0.3389830508474576,
  "avg_daily_r": -0.08057682835959565,
  "median_daily_r": -1.0106382978723307,
  "worst_day_r": -1.0526315789473213,
  "best_day_r": 1.9916666666666742,
  "daily_profit_factor_r": 0.8803591455259987,
  "avg_daily_trade_count": 1.0,
  "max_daily_trade_count": 1,
  "estimated_round_trip_cost_per_share": 0.02,
  "avg_risk_per_share": 0.7476271186440623,
  "median_risk_per_share": 0.6199999999999477,
  "p10_risk_per_share": 0.2859999999999673,
  "p25_risk_per_share": 0.40999999999996817,
  "avg_cost_r": 0.038625924535270834,
  "median_cost_r": 0.03225806451613175,
  "p90_cost_r": 0.06995073891626415,
  "pct_trades_cost_r_gt_0_25": 0.0,
  "pct_trades_cost_r_gt_0_50": 0.0,
  "pct_trades_cost_r_gt_1_00": 0.0,
  "end_of_session_count": 0,
  "trades_by_strategy_json": "{\"failed_orb\": 148, \"gap_acceptance_failure\": 29}",
  "pnl_by_strategy_json": "{\"failed_orb\": -17.63999999999885, \"gap_acceptance_failure\": 9.570000000000391}",
  "r_by_strategy_json": "{\"failed_orb\": -17.27140487216712, \"gap_acceptance_failure\": 3.0093062525186913}",
  "trades_by_family_json": "{\"gap_behavior\": 29, \"opening_reversal\": 148}",
  "pnl_by_family_json": "{\"gap_behavior\": 9.570000000000391, \"opening_reversal\": -17.63999999999885}",
  "r_by_family_json": "{\"gap_behavior\": 3.0093062525186913, \"opening_reversal\": -17.27140487216712}",
  "trades_by_candidate_json": "{\"FAILED_ORB_001\": 148, \"GAP_ACCEPTANCE_FAILURE_001\": 29}",
  "pnl_by_candidate_json": "{\"FAILED_ORB_001\": -17.63999999999885, \"GAP_ACCEPTANCE_FAILURE_001\": 9.570000000000391}",
  "r_by_candidate_json": "{\"FAILED_ORB_001\": -17.27140487216712, \"GAP_ACCEPTANCE_FAILURE_001\": 3.0093062525186913}",
  "rejected_by_reason_json": "{\"existing_position\": 9}",
  "candidate_signals": 0,
  "rejected_signals": 9,
  "selected_signals": 0,
  "selection_rate": 0.9516129032258065,
  "combiner_score": -0.1231313444895545,
  "low_trade_count": false,
  "wrong_time_window_rejections": 0,
  "existing_position_rejections": 9,
  "daily_loss_limit_rejections": 0,
  "max_trades_rejections": 0,
  "max_trades_reached_rejections": 0,
  "cooldown_rejections": 0,
  "cooldown_after_loss_rejections": 0,
  "no_new_after_rejections": 0,
  "risk_too_small_rejections": 0,
  "lower_priority_rejections": 0,
  "last_bar_no_entry_rejections": 0,
  "session_boundary_no_entry_rejections": 0,
  "disabled_candidate_rejections": 0,
  "opposite_direction_conflict_rejections": 0,
  "invalid_stop_side_rejections": 0,
  "invalid_target_side_rejections": 0,
  "invalid_target_r_rejections": 0,
  "invalid_price_nan_rejections": 0,
  "trades_by_daily_trade_number_json": "{\"1\": 177}",
  "r_by_daily_trade_number_json": "{\"1\": -14.26209861964843}",
  "pnl_by_daily_trade_number_json": "{\"1\": -8.069999999998458}",
  "profit_factor_r_by_daily_trade_number_json": "{\"1\": 0.8803591455259987}",
  "avg_r_by_daily_trade_number_json": "{\"1\": -0.08057682835959565}",
  "win_rate_by_daily_trade_number_json": "{\"1\": 0.3389830508474576}"
}