{
  "trades": 204,
  "win_rate": 0.4803921568627451,
  "total_net_pnl": 21.175000000002683,
  "avg_net_pnl": 0.10379901960785629,
  "total_r": 7.547178050343275,
  "avg_r": 0.03699597083501605,
  "profit_factor": 1.1457028830936693,
  "max_drawdown_pnl": -33.47499999999957,
  "max_drawdown_r": -18.888195489836253,
  "avg_bars_held": 21.75980392156863,
  "stop_count": 93,
  "target_count": 58,
  "eod_count": 0,
  "end_of_data_count": 0,
  "max_hold_count": 53,
  "profit_factor_r": 1.0773337199195439,
  "median_r": -0.15594059405941263,
  "p25_r": -1.0077980804724915,
  "p75_r": 1.2442758509955014,
  "worst_trade_r": -1.027027027027002,
  "best_trade_r": 1.4981617647058894,
  "std_r": 1.063066788531374,
  "active_days": 204,
  "positive_day_rate": 0.4803921568627451,
  "avg_daily_r": 0.03699597083501605,
  "median_daily_r": -0.15594059405941263,
  "worst_day_r": -1.027027027027002,
  "best_day_r": 1.4981617647058894,
  "daily_profit_factor_r": 1.0773337199195439,
  "avg_daily_trade_count": 1.0,
  "max_daily_trade_count": 1,
  "estimated_round_trip_cost_per_share": 0.02,
  "avg_risk_per_share": 1.5867647058823457,
  "median_risk_per_share": 1.30499999999995,
  "p10_risk_per_share": 0.6599999999999682,
  "p25_risk_per_share": 0.9674999999999159,
  "avg_cost_r": 0.017283354898415162,
  "median_cost_r": 0.015325895478567822,
  "p90_cost_r": 0.030303030303031765,
  "pct_trades_cost_r_gt_0_25": 0.0,
  "pct_trades_cost_r_gt_0_50": 0.0,
  "pct_trades_cost_r_gt_1_00": 0.0,
  "end_of_session_count": 0,
  "trades_by_strategy_json": "{\"failed_orb\": 145, \"gap_acceptance_failure\": 59}",
  "pnl_by_strategy_json": "{\"failed_orb\": 25.490000000001885, \"gap_acceptance_failure\": -4.314999999999202}",
  "r_by_strategy_json": "{\"failed_orb\": 12.040832937096908, \"gap_acceptance_failure\": -4.493654886753634}",
  "trades_by_family_json": "{\"gap_behavior\": 59, \"opening_reversal\": 145}",
  "pnl_by_family_json": "{\"gap_behavior\": -4.314999999999202, \"opening_reversal\": 25.490000000001885}",
  "r_by_family_json": "{\"gap_behavior\": -4.493654886753634, \"opening_reversal\": 12.040832937096908}",
  "trades_by_candidate_json": "{\"FAILED_ORB_001\": 145, \"GAP_ACCEPTANCE_FAILURE_001\": 59}",
  "pnl_by_candidate_json": "{\"FAILED_ORB_001\": 25.490000000001885, \"GAP_ACCEPTANCE_FAILURE_001\": -4.314999999999202}",
  "r_by_candidate_json": "{\"FAILED_ORB_001\": 12.040832937096908, \"GAP_ACCEPTANCE_FAILURE_001\": -4.493654886753634}",
  "rejected_by_reason_json": "{\"existing_position\": 24, \"lower_priority_conflict\": 14, \"wrong_time_window\": 4}",
  "candidate_signals": 0,
  "rejected_signals": 42,
  "selected_signals": 0,
  "selection_rate": 0.8292682926829268,
  "combiner_score": -0.38949511476783794,
  "low_trade_count": false,
  "wrong_time_window_rejections": 4,
  "existing_position_rejections": 24,
  "daily_loss_limit_rejections": 0,
  "max_trades_rejections": 0,
  "max_trades_reached_rejections": 0,
  "cooldown_rejections": 0,
  "cooldown_after_loss_rejections": 0,
  "no_new_after_rejections": 0,
  "risk_too_small_rejections": 0,
  "lower_priority_rejections": 14,
  "last_bar_no_entry_rejections": 0,
  "session_boundary_no_entry_rejections": 0,
  "disabled_candidate_rejections": 0,
  "opposite_direction_conflict_rejections": 0,
  "invalid_stop_side_rejections": 0,
  "invalid_target_side_rejections": 0,
  "invalid_target_r_rejections": 0,
  "invalid_price_nan_rejections": 0,
  "trades_by_daily_trade_number_json": "{\"1\": 204}",
  "r_by_daily_trade_number_json": "{\"1\": 7.547178050343275}",
  "pnl_by_daily_trade_number_json": "{\"1\": 21.175000000002683}",
  "profit_factor_r_by_daily_trade_number_json": "{\"1\": 1.0773337199195439}",
  "avg_r_by_daily_trade_number_json": "{\"1\": 0.03699597083501605}",
  "win_rate_by_daily_trade_number_json": "{\"1\": 0.4803921568627451}"
}