{
  "trades": 167,
  "win_rate": 0.49700598802395207,
  "total_net_pnl": 26.755000000002212,
  "avg_net_pnl": 0.1602095808383366,
  "total_r": 19.10749899291833,
  "avg_r": 0.1144161616342415,
  "profit_factor": 1.265294992563238,
  "max_drawdown_pnl": -16.52499999999941,
  "max_drawdown_r": -11.462890401939624,
  "avg_bars_held": 17.167664670658684,
  "stop_count": 69,
  "target_count": 48,
  "eod_count": 0,
  "end_of_data_count": 0,
  "max_hold_count": 50,
  "profit_factor_r": 1.2564714814948998,
  "median_r": -0.018518518518499026,
  "p25_r": -1.0079682539682469,
  "p75_r": 1.4847319347319505,
  "worst_trade_r": -1.02325581395347,
  "best_trade_r": 1.4981617647058894,
  "std_r": 1.0811916995024533,
  "active_days": 167,
  "positive_day_rate": 0.49700598802395207,
  "avg_daily_r": 0.1144161616342415,
  "median_daily_r": -0.018518518518499026,
  "worst_day_r": -1.02325581395347,
  "best_day_r": 1.4981617647058894,
  "daily_profit_factor_r": 1.2564714814948998,
  "avg_daily_trade_count": 1.0,
  "max_daily_trade_count": 1,
  "estimated_round_trip_cost_per_share": 0.02,
  "avg_risk_per_share": 1.3913173652694548,
  "median_risk_per_share": 1.1800000000000637,
  "p10_risk_per_share": 0.6859999999999901,
  "p25_risk_per_share": 0.9449999999999932,
  "avg_cost_r": 0.017878382675044983,
  "median_cost_r": 0.01694915254237197,
  "p90_cost_r": 0.02915601023017942,
  "pct_trades_cost_r_gt_0_25": 0.0,
  "pct_trades_cost_r_gt_0_50": 0.0,
  "pct_trades_cost_r_gt_1_00": 0.0,
  "end_of_session_count": 0,
  "trades_by_strategy_json": "{\"failed_orb\": 167}",
  "pnl_by_strategy_json": "{\"failed_orb\": 26.755000000002212}",
  "r_by_strategy_json": "{\"failed_orb\": 19.107498992918334}",
  "trades_by_family_json": "{\"opening_reversal\": 167}",
  "pnl_by_family_json": "{\"opening_reversal\": 26.755000000002212}",
  "r_by_family_json": "{\"opening_reversal\": 19.107498992918334}",
  "trades_by_candidate_json": "{\"FAILED_ORB_001\": 167}",
  "pnl_by_candidate_json": "{\"FAILED_ORB_001\": 26.755000000002212}",
  "r_by_candidate_json": "{\"FAILED_ORB_001\": 19.107498992918334}",
  "rejected_by_reason_json": "{\"wrong_time_window\": 4}",
  "candidate_signals": 0,
  "rejected_signals": 4,
  "selected_signals": 0,
  "selection_rate": 0.9766081871345029,
  "combiner_score": 0.19085310072816553,
  "low_trade_count": false,
  "wrong_time_window_rejections": 4,
  "existing_position_rejections": 0,
  "daily_loss_limit_rejections": 0,
  "max_trades_rejections": 0,
  "max_trades_reached_rejections": 0,
  "cooldown_rejections": 0,
  "cooldown_after_loss_rejections": 0,
  "no_new_after_rejections": 0,
  "risk_too_small_rejections": 0,
  "lower_priority_rejections": 0,
  "last_bar_no_entry_rejections": 0,
  "session_boundary_no_entry_rejections": 0,
  "disabled_candidate_rejections": 0,
  "opposite_direction_conflict_rejections": 0,
  "invalid_stop_side_rejections": 0,
  "invalid_target_side_rejections": 0,
  "invalid_target_r_rejections": 0,
  "invalid_price_nan_rejections": 0,
  "trades_by_daily_trade_number_json": "{\"1\": 167}",
  "r_by_daily_trade_number_json": "{\"1\": 19.10749899291833}",
  "pnl_by_daily_trade_number_json": "{\"1\": 26.755000000002212}",
  "profit_factor_r_by_daily_trade_number_json": "{\"1\": 1.2564714814948998}",
  "avg_r_by_daily_trade_number_json": "{\"1\": 0.1144161616342415}",
  "win_rate_by_daily_trade_number_json": "{\"1\": 0.49700598802395207}"
}