{
  "trades": 231,
  "win_rate": 0.3939393939393939,
  "total_net_pnl": -5.308749999997929,
  "avg_net_pnl": -0.022981601731592766,
  "total_r": -6.905058115263211,
  "avg_r": -0.02989202647300091,
  "profit_factor": 0.9474719240093202,
  "max_drawdown_pnl": -15.00249999999869,
  "max_drawdown_r": -22.316223112804522,
  "avg_bars_held": 13.393939393939394,
  "stop_count": 140,
  "target_count": 84,
  "eod_count": 0,
  "end_of_data_count": 0,
  "max_hold_count": 7,
  "profit_factor_r": 0.9515434503582217,
  "median_r": -1.0103092783505063,
  "p25_r": -1.0168779376157089,
  "p75_r": 1.2385714285714389,
  "worst_trade_r": -1.0526315789473213,
  "best_trade_r": 1.9916666666666742,
  "std_r": 1.2517893086091183,
  "active_days": 231,
  "positive_day_rate": 0.3939393939393939,
  "avg_daily_r": -0.02989202647300091,
  "median_daily_r": -1.0103092783505063,
  "worst_day_r": -1.0526315789473213,
  "best_day_r": 1.9916666666666742,
  "daily_profit_factor_r": 0.9515434503582217,
  "avg_daily_trade_count": 1.0,
  "max_daily_trade_count": 1,
  "estimated_round_trip_cost_per_share": 0.02,
  "avg_risk_per_share": 0.7249350649350577,
  "median_risk_per_share": 0.660000000000025,
  "p10_risk_per_share": 0.3300000000000409,
  "p25_risk_per_share": 0.4625000000000057,
  "avg_cost_r": 0.0359327846883528,
  "median_cost_r": 0.030303030303029155,
  "p90_cost_r": 0.06060606060605309,
  "pct_trades_cost_r_gt_0_25": 0.0,
  "pct_trades_cost_r_gt_0_50": 0.0,
  "pct_trades_cost_r_gt_1_00": 0.0,
  "end_of_session_count": 0,
  "trades_by_strategy_json": "{\"failed_orb\": 114, \"gap_acceptance_failure\": 15, \"orb_continuation\": 102}",
  "pnl_by_strategy_json": "{\"failed_orb\": -9.579999999998961, \"gap_acceptance_failure\": -7.519999999999754, \"orb_continuation\": 11.791250000000787}",
  "r_by_strategy_json": "{\"failed_orb\": -5.320463841544663, \"gap_acceptance_failure\": -8.291095249660458, \"orb_continuation\": 6.706500975941907}",
  "trades_by_family_json": "{\"gap_behavior\": 15, \"opening_momentum\": 102, \"opening_reversal\": 114}",
  "pnl_by_family_json": "{\"gap_behavior\": -7.519999999999754, \"opening_momentum\": 11.791250000000787, \"opening_reversal\": -9.579999999998961}",
  "r_by_family_json": "{\"gap_behavior\": -8.291095249660458, \"opening_momentum\": 6.706500975941907, \"opening_reversal\": -5.320463841544663}",
  "trades_by_candidate_json": "{\"FAILED_ORB_001\": 114, \"GAP_ACCEPTANCE_FAILURE_001\": 15, \"ORB_CONTINUATION_001\": 102}",
  "pnl_by_candidate_json": "{\"FAILED_ORB_001\": -9.579999999998961, \"GAP_ACCEPTANCE_FAILURE_001\": -7.519999999999754, \"ORB_CONTINUATION_001\": 11.791250000000787}",
  "r_by_candidate_json": "{\"FAILED_ORB_001\": -5.320463841544663, \"GAP_ACCEPTANCE_FAILURE_001\": -8.291095249660458, \"ORB_CONTINUATION_001\": 6.706500975941907}",
  "rejected_by_reason_json": "{\"existing_position\": 146, \"lower_priority_conflict\": 15}",
  "candidate_signals": 0,
  "rejected_signals": 161,
  "selected_signals": 0,
  "selection_rate": 0.5892857142857143,
  "combiner_score": 0.021015419502296906,
  "low_trade_count": false,
  "wrong_time_window_rejections": 0,
  "existing_position_rejections": 146,
  "daily_loss_limit_rejections": 0,
  "max_trades_rejections": 0,
  "max_trades_reached_rejections": 0,
  "cooldown_rejections": 0,
  "cooldown_after_loss_rejections": 0,
  "no_new_after_rejections": 0,
  "risk_too_small_rejections": 0,
  "lower_priority_rejections": 15,
  "last_bar_no_entry_rejections": 0,
  "session_boundary_no_entry_rejections": 0,
  "disabled_candidate_rejections": 0,
  "opposite_direction_conflict_rejections": 0,
  "invalid_stop_side_rejections": 0,
  "invalid_target_side_rejections": 0,
  "invalid_target_r_rejections": 0,
  "invalid_price_nan_rejections": 0,
  "trades_by_daily_trade_number_json": "{\"1\": 231}",
  "r_by_daily_trade_number_json": "{\"1\": -6.905058115263211}",
  "pnl_by_daily_trade_number_json": "{\"1\": -5.308749999997929}",
  "profit_factor_r_by_daily_trade_number_json": "{\"1\": 0.9515434503582217}",
  "avg_r_by_daily_trade_number_json": "{\"1\": -0.02989202647300091}",
  "win_rate_by_daily_trade_number_json": "{\"1\": 0.3939393939393939}"
}