tag,trades,total_r,profit_factor,profit_factor_r,max_drawdown_r,avg_cost_r,median_cost_r,combiner_score
layer3_smoke_v1_diagnosis_qqq_components_recent_opening_full_mtd1_y2024,231,-6.905058115263211,0.9474719240093202,0.9515434503582217,-22.316223112804522,0.0359327846883528,0.030303030303029155,0.021015419502296906
