{
  "trades": 237,
  "win_rate": 0.3628691983122363,
  "total_net_pnl": -11.457499999997879,
  "avg_net_pnl": -0.048343881856531136,
  "total_r": -13.499486750358976,
  "avg_r": -0.05695985970615602,
  "profit_factor": 0.9008437905668705,
  "max_drawdown_pnl": -20.48499999999865,
  "max_drawdown_r": -24.645760402772126,
  "avg_bars_held": 18.050632911392405,
  "stop_count": 149,
  "target_count": 71,
  "eod_count": 0,
  "end_of_data_count": 0,
  "max_hold_count": 17,
  "profit_factor_r": 0.9111823900921368,
  "median_r": -1.009259259259251,
  "p25_r": -1.0172413793103297,
  "p75_r": 1.2451456310679654,
  "worst_trade_r": -1.0526315789473213,
  "best_trade_r": 1.9916666666666742,
  "std_r": 1.2925733092511422,
  "active_days": 188,
  "positive_day_rate": 0.425531914893617,
  "avg_daily_r": -0.07180578058701585,
  "median_daily_r": -1.0088523305914527,
  "worst_day_r": -2.0532945736433614,
  "best_day_r": 3.67872340425535,
  "daily_profit_factor_r": 0.8973502468127666,
  "avg_daily_trade_count": 1.2606382978723405,
  "max_daily_trade_count": 2,
  "estimated_round_trip_cost_per_share": 0.02,
  "avg_risk_per_share": 0.7884388185653934,
  "median_risk_per_share": 0.6699999999999591,
  "p10_risk_per_share": 0.2959999999999809,
  "p25_risk_per_share": 0.44999999999998863,
  "avg_cost_r": 0.03620064031116932,
  "median_cost_r": 0.02985074626865854,
  "p90_cost_r": 0.06758620689655585,
  "pct_trades_cost_r_gt_0_25": 0.0,
  "pct_trades_cost_r_gt_0_50": 0.0,
  "pct_trades_cost_r_gt_1_00": 0.0,
  "end_of_session_count": 0,
  "trades_by_strategy_json": "{\"failed_orb\": 155, \"gap_acceptance_failure\": 38, \"prior_day_level_trap\": 44}",
  "pnl_by_strategy_json": "{\"failed_orb\": -10.959999999998729, \"gap_acceptance_failure\": 4.412500000000591, \"prior_day_level_trap\": -4.909999999999741}",
  "r_by_strategy_json": "{\"failed_orb\": -10.486627650616366, \"gap_acceptance_failure\": -1.02355699456567, \"prior_day_level_trap\": -1.9893021051769395}",
  "trades_by_family_json": "{\"gap_behavior\": 38, \"key_level_trap\": 44, \"opening_reversal\": 155}",
  "pnl_by_family_json": "{\"gap_behavior\": 4.412500000000591, \"key_level_trap\": -4.909999999999741, \"opening_reversal\": -10.959999999998729}",
  "r_by_family_json": "{\"gap_behavior\": -1.02355699456567, \"key_level_trap\": -1.9893021051769395, \"opening_reversal\": -10.486627650616366}",
  "trades_by_candidate_json": "{\"FAILED_ORB_001\": 155, \"GAP_ACCEPTANCE_FAILURE_001\": 38, \"PRIOR_DAY_LEVEL_TRAP_001\": 44}",
  "pnl_by_candidate_json": "{\"FAILED_ORB_001\": -10.959999999998729, \"GAP_ACCEPTANCE_FAILURE_001\": 4.412500000000591, \"PRIOR_DAY_LEVEL_TRAP_001\": -4.909999999999741}",
  "r_by_candidate_json": "{\"FAILED_ORB_001\": -10.486627650616366, \"GAP_ACCEPTANCE_FAILURE_001\": -1.02355699456567, \"PRIOR_DAY_LEVEL_TRAP_001\": -1.9893021051769395}",
  "rejected_by_reason_json": "{\"existing_position\": 19, \"lower_priority_conflict\": 1}",
  "candidate_signals": 0,
  "rejected_signals": 20,
  "selected_signals": 0,
  "selection_rate": 0.9221789883268483,
  "combiner_score": -0.39907195568307036,
  "low_trade_count": false,
  "wrong_time_window_rejections": 0,
  "existing_position_rejections": 19,
  "daily_loss_limit_rejections": 0,
  "max_trades_rejections": 0,
  "max_trades_reached_rejections": 0,
  "cooldown_rejections": 0,
  "cooldown_after_loss_rejections": 0,
  "no_new_after_rejections": 0,
  "risk_too_small_rejections": 0,
  "lower_priority_rejections": 1,
  "last_bar_no_entry_rejections": 0,
  "session_boundary_no_entry_rejections": 0,
  "disabled_candidate_rejections": 0,
  "opposite_direction_conflict_rejections": 0,
  "invalid_stop_side_rejections": 0,
  "invalid_target_side_rejections": 0,
  "invalid_target_r_rejections": 0,
  "invalid_price_nan_rejections": 0,
  "trades_by_daily_trade_number_json": "{\"1\": 188, \"2\": 49}",
  "r_by_daily_trade_number_json": "{\"1\": -11.055847681352455, \"2\": -2.443639069006516}",
  "pnl_by_daily_trade_number_json": "{\"1\": -4.359999999998479, \"2\": -7.0974999999994}",
  "profit_factor_r_by_daily_trade_number_json": "{\"1\": 0.9098207141179246, \"2\": 0.9168620371425646}",
  "avg_r_by_daily_trade_number_json": "{\"1\": -0.058807700432725825, \"2\": -0.04987018508176563}",
  "win_rate_by_daily_trade_number_json": "{\"1\": 0.35106382978723405, \"2\": 0.40816326530612246}"
}