{
  "trades": 162,
  "win_rate": 0.3333333333333333,
  "total_net_pnl": -12.759999999998684,
  "avg_net_pnl": -0.0787654320987573,
  "total_r": -11.574859312331803,
  "avg_r": -0.07144974884155433,
  "profit_factor": 0.8256592430660071,
  "max_drawdown_pnl": -17.259999999998797,
  "max_drawdown_r": -21.17092348134919,
  "avg_bars_held": 13.617283950617283,
  "stop_count": 108,
  "target_count": 46,
  "eod_count": 0,
  "end_of_data_count": 0,
  "max_hold_count": 8,
  "profit_factor_r": 0.8949127895939346,
  "median_r": -1.0116279069767333,
  "p25_r": -1.0203061224489614,
  "p75_r": 1.9583333333333728,
  "worst_trade_r": -1.0526315789473213,
  "best_trade_r": 1.9916666666666742,
  "std_r": 1.360755088693488,
  "active_days": 162,
  "positive_day_rate": 0.3333333333333333,
  "avg_daily_r": -0.07144974884155433,
  "median_daily_r": -1.0116279069767333,
  "worst_day_r": -1.0526315789473213,
  "best_day_r": 1.9916666666666742,
  "daily_profit_factor_r": 0.8949127895939346,
  "avg_daily_trade_count": 1.0,
  "max_daily_trade_count": 1,
  "estimated_round_trip_cost_per_share": 0.02,
  "avg_risk_per_share": 0.6629012345678963,
  "median_risk_per_share": 0.5999999999999659,
  "p10_risk_per_share": 0.2709999999999809,
  "p25_risk_per_share": 0.3924999999999841,
  "avg_cost_r": 0.04112765573889133,
  "median_cost_r": 0.03333333333333523,
  "p90_cost_r": 0.07380952380952902,
  "pct_trades_cost_r_gt_0_25": 0.0,
  "pct_trades_cost_r_gt_0_50": 0.0,
  "pct_trades_cost_r_gt_1_00": 0.0,
  "end_of_session_count": 0,
  "trades_by_strategy_json": "{\"failed_orb\": 162}",
  "pnl_by_strategy_json": "{\"failed_orb\": -12.759999999998684}",
  "r_by_strategy_json": "{\"failed_orb\": -11.5748593123318}",
  "trades_by_family_json": "{\"opening_reversal\": 162}",
  "pnl_by_family_json": "{\"opening_reversal\": -12.759999999998684}",
  "r_by_family_json": "{\"opening_reversal\": -11.5748593123318}",
  "trades_by_candidate_json": "{\"FAILED_ORB_001\": 162}",
  "pnl_by_candidate_json": "{\"FAILED_ORB_001\": -12.759999999998684}",
  "r_by_candidate_json": "{\"FAILED_ORB_001\": -11.5748593123318}",
  "rejected_by_reason_json": "{}",
  "candidate_signals": 0,
  "rejected_signals": 0,
  "selected_signals": 0,
  "selection_rate": 1.0,
  "combiner_score": -0.15670863501006296,
  "low_trade_count": false,
  "wrong_time_window_rejections": 0,
  "existing_position_rejections": 0,
  "daily_loss_limit_rejections": 0,
  "max_trades_rejections": 0,
  "max_trades_reached_rejections": 0,
  "cooldown_rejections": 0,
  "cooldown_after_loss_rejections": 0,
  "no_new_after_rejections": 0,
  "risk_too_small_rejections": 0,
  "lower_priority_rejections": 0,
  "last_bar_no_entry_rejections": 0,
  "session_boundary_no_entry_rejections": 0,
  "disabled_candidate_rejections": 0,
  "opposite_direction_conflict_rejections": 0,
  "invalid_stop_side_rejections": 0,
  "invalid_target_side_rejections": 0,
  "invalid_target_r_rejections": 0,
  "invalid_price_nan_rejections": 0,
  "trades_by_daily_trade_number_json": "{\"1\": 162}",
  "r_by_daily_trade_number_json": "{\"1\": -11.574859312331803}",
  "pnl_by_daily_trade_number_json": "{\"1\": -12.759999999998684}",
  "profit_factor_r_by_daily_trade_number_json": "{\"1\": 0.8949127895939346}",
  "avg_r_by_daily_trade_number_json": "{\"1\": -0.07144974884155433}",
  "win_rate_by_daily_trade_number_json": "{\"1\": 0.3333333333333333}"
}