period,trades,total_r,total_net_pnl,profit_factor,profit_factor_r,max_drawdown_r,win_rate,avg_r,median_r
2024-01,15,4.460656688893308,0.05000000000006821,1.0100603621730522,1.5472039676452238,-2.0484848484848106,0.4666666666666667,0.2973771125928872,-1.009999999999991
2024-02,13,-6.32532477374103,-3.989999999999725,0.18737270875766943,0.3824893927506096,-6.325324773741029,0.23076923076923078,-0.4865634441339254,-1.0178571428571266
2024-03,13,1.789646987461949,1.129999999999825,1.1941580756013448,1.2201566980472445,-4.055746822553202,0.38461538461538464,0.13766515288168837,-1.0105263157894642
2024-04,15,-6.284019861884215,-5.249999999999602,0.36899038461541467,0.4858245560945708,-7.243619086189361,0.2,-0.4189346574589477,-1.0124999999999884
2024-05,13,-4.338783625915456,-2.2599999999997635,0.5320910973085196,0.5771205353465186,-4.338783625915456,0.23076923076923078,-0.3337525866088812,-1.0192307692307525
2024-06,13,-2.0056240254522564,-2.3399999999996908,0.5916230366492577,0.7820670323582105,-4.190601031618733,0.3076923076923077,-0.15427877118863512,-1.014084507042241
2024-07,16,1.7112200496533219,-0.06999999999993634,0.9901269393512075,1.1681041894815545,-4.107353914862942,0.375,0.10695125310333262,-1.0106773440106676
2024-08,14,3.166133017915257,2.8299999999998704,1.3819163292847374,1.3887080557199956,-3.0204523165621375,0.42857142857142855,0.22615235842251838,-1.0058783321941163
2024-09,14,-2.2384821178031262,-1.1999999999999318,0.8265895953757285,0.779997260701847,-6.1556905036096605,0.2857142857142857,-0.15989157984308044,-1.011696306429538
2024-10,15,-1.3790863403657594,-1.7599999999998772,0.7388724035608428,0.8647823190058181,-3.067118355590407,0.3333333333333333,-0.09193908935771729,-1.0105263157894642
2024-11,10,-2.1550272872304332,0.3100000000000591,1.0794871794871939,0.6989274787298538,-4.08592171717163,0.3,-0.21550272872304332,-1.0153594771241694
2024-12,11,2.0238319761366403,-0.20999999999997954,0.9679389312977128,1.3328506908128623,-2.325234703759354,0.45454545454545453,0.18398472510333094,-1.004694835680747
