exit_reason,trades,sum_r
max_hold,30,11.596223664477105
stop,194,-199.62948012865309
target,152,223.45076238288215
