entry_hour_utc,trades,sum_r
15,166,24.1079071049097
16,160,-3.6480208274386206
17,38,9.846958126072266
18,12,5.11066151516283
