group,trades,total_r,avg_r,win_rate,max_loss_r,profit_factor_r,avg_bars_held,exit_reason_unique
below_vwap,12,-12.13538032326836,-1.0112816936056965,0.0,-1.0212765957446603,0.0,6.333333333333333,1
above_vwap,14,-10.270438609305685,-0.7336027578075489,0.14285714285714285,-1.0066225165562854,0.11144370108874094,25.428571428571427,3
