daily_trade_number,trades,total_r
1,146,-6.195607253365997
2,10,-0.9822736071748536
