{
  "trades": 156,
  "win_rate": 0.4423076923076923,
  "total_net_pnl": 10.572500000002378,
  "avg_net_pnl": 0.06777243589745115,
  "total_r": -7.177880860540849,
  "avg_r": -0.04601205679833878,
  "profit_factor": 1.1423713977915781,
  "max_drawdown_pnl": -15.15499999999929,
  "max_drawdown_r": -22.036890047234763,
  "avg_bars_held": 19.756410256410255,
  "stop_count": 82,
  "target_count": 45,
  "eod_count": 0,
  "end_of_data_count": 0,
  "max_hold_count": 29,
  "profit_factor_r": 0.9148644755720328,
  "median_r": -1.0066024579447341,
  "p25_r": -1.0123842592592478,
  "p75_r": 1.2392968056788183,
  "worst_trade_r": -1.0312499999999667,
  "best_trade_r": 1.494736842105283,
  "std_r": 1.0816536880834382,
  "active_days": 146,
  "positive_day_rate": 0.4452054794520548,
  "avg_daily_r": -0.04916356753795101,
  "median_daily_r": -1.005532131216167,
  "worst_day_r": -2.038181818181783,
  "best_day_r": 1.888130252100848,
  "daily_profit_factor_r": 0.9122887802291986,
  "avg_daily_trade_count": 1.0684931506849316,
  "max_daily_trade_count": 2,
  "estimated_round_trip_cost_per_share": 0.02,
  "avg_risk_per_share": 1.0041025641025578,
  "median_risk_per_share": 0.8849999999999625,
  "p10_risk_per_share": 0.4949999999999761,
  "p25_risk_per_share": 0.6574999999999847,
  "avg_cost_r": 0.024782149108431514,
  "median_cost_r": 0.022605363984675303,
  "p90_cost_r": 0.040408163265308016,
  "pct_trades_cost_r_gt_0_25": 0.0,
  "pct_trades_cost_r_gt_0_50": 0.0,
  "pct_trades_cost_r_gt_1_00": 0.0,
  "end_of_session_count": 0,
  "trades_by_strategy_json": "{\"failed_orb\": 109, \"gap_acceptance_failure\": 47}",
  "pnl_by_strategy_json": "{\"failed_orb\": -2.514999999997997, \"gap_acceptance_failure\": 13.087500000000375}",
  "r_by_strategy_json": "{\"failed_orb\": -10.548794637691437, \"gap_acceptance_failure\": 3.3709137771505855}",
  "trades_by_family_json": "{\"gap_behavior\": 47, \"opening_reversal\": 109}",
  "pnl_by_family_json": "{\"gap_behavior\": 13.087500000000375, \"opening_reversal\": -2.514999999997997}",
  "r_by_family_json": "{\"gap_behavior\": 3.3709137771505855, \"opening_reversal\": -10.548794637691437}",
  "trades_by_candidate_json": "{\"FAILED_ORB_001\": 109, \"GAP_ACCEPTANCE_FAILURE_001\": 47}",
  "pnl_by_candidate_json": "{\"FAILED_ORB_001\": -2.514999999997997, \"GAP_ACCEPTANCE_FAILURE_001\": 13.087500000000375}",
  "r_by_candidate_json": "{\"FAILED_ORB_001\": -10.548794637691437, \"GAP_ACCEPTANCE_FAILURE_001\": 3.3709137771505855}",
  "rejected_by_reason_json": "{\"existing_position\": 11, \"lower_priority_conflict\": 4, \"wrong_time_window\": 12}",
  "candidate_signals": 0,
  "rejected_signals": 27,
  "selected_signals": 0,
  "selection_rate": 0.8524590163934426,
  "combiner_score": -0.22615992678998775,
  "low_trade_count": false,
  "wrong_time_window_rejections": 12,
  "existing_position_rejections": 11,
  "daily_loss_limit_rejections": 0,
  "max_trades_rejections": 0,
  "max_trades_reached_rejections": 0,
  "cooldown_rejections": 0,
  "cooldown_after_loss_rejections": 0,
  "no_new_after_rejections": 0,
  "risk_too_small_rejections": 0,
  "lower_priority_rejections": 4,
  "last_bar_no_entry_rejections": 0,
  "session_boundary_no_entry_rejections": 0,
  "disabled_candidate_rejections": 0,
  "opposite_direction_conflict_rejections": 0,
  "invalid_stop_side_rejections": 0,
  "invalid_target_side_rejections": 0,
  "invalid_target_r_rejections": 0,
  "invalid_price_nan_rejections": 0,
  "trades_by_daily_trade_number_json": "{\"1\": 146, \"2\": 10}",
  "r_by_daily_trade_number_json": "{\"1\": -6.195607253365995, \"2\": -0.9822736071748533}",
  "pnl_by_daily_trade_number_json": "{\"1\": 11.105000000002292, \"2\": -0.5324999999999136}",
  "profit_factor_r_by_daily_trade_number_json": "{\"1\": 0.9223239963832701, \"2\": 0.7840707295018214}",
  "avg_r_by_daily_trade_number_json": "{\"1\": -0.04243566611894517, \"2\": -0.09822736071748533}",
  "win_rate_by_daily_trade_number_json": "{\"1\": 0.4383561643835616, \"2\": 0.5}"
}