daily_trade_number,trades,total_r
1,231,-6.905058115263214
2,84,-10.808393681934405
