{
  "trades": 315,
  "win_rate": 0.38412698412698415,
  "total_net_pnl": -4.888749999997003,
  "avg_net_pnl": -0.015519841269831755,
  "total_r": -17.713451797197614,
  "avg_r": -0.056233180308563856,
  "profit_factor": 0.9648341965185073,
  "max_drawdown_pnl": -21.97499999999792,
  "max_drawdown_r": -30.152727572803165,
  "avg_bars_held": 14.238095238095237,
  "stop_count": 194,
  "target_count": 109,
  "eod_count": 0,
  "end_of_data_count": 0,
  "max_hold_count": 12,
  "profit_factor_r": 0.9103063823631858,
  "median_r": -1.0104166666666567,
  "p25_r": -1.017095265926344,
  "p75_r": 1.2375378523177298,
  "worst_trade_r": -1.0526315789473213,
  "best_trade_r": 1.9916666666666742,
  "std_r": 1.2446744180321474,
  "active_days": 231,
  "positive_day_rate": 0.48484848484848486,
  "avg_daily_r": -0.076681609511678,
  "median_daily_r": -1.004694835680747,
  "worst_day_r": -2.0853548966755886,
  "best_day_r": 3.67872340425535,
  "daily_profit_factor_r": 0.8905853160032853,
  "avg_daily_trade_count": 1.3636363636363635,
  "max_daily_trade_count": 2,
  "estimated_round_trip_cost_per_share": 0.02,
  "avg_risk_per_share": 0.7379206349206282,
  "median_risk_per_share": 0.6549999999999727,
  "p10_risk_per_share": 0.3299999999999841,
  "p25_risk_per_share": 0.46000000000000796,
  "avg_cost_r": 0.03581032721192775,
  "median_cost_r": 0.03053435114503944,
  "p90_cost_r": 0.06060606060606353,
  "pct_trades_cost_r_gt_0_25": 0.0,
  "pct_trades_cost_r_gt_0_50": 0.0,
  "pct_trades_cost_r_gt_1_00": 0.0,
  "end_of_session_count": 0,
  "trades_by_strategy_json": "{\"failed_orb\": 156, \"gap_acceptance_failure\": 23, \"orb_continuation\": 136}",
  "pnl_by_strategy_json": "{\"failed_orb\": -12.449999999998681, \"gap_acceptance_failure\": -2.6574999999995725, \"orb_continuation\": 10.21875000000125}",
  "r_by_strategy_json": "{\"failed_orb\": -11.492984917289908, \"gap_acceptance_failure\": -8.98170902253055, \"orb_continuation\": 2.76124214262284}",
  "trades_by_family_json": "{\"gap_behavior\": 23, \"opening_momentum\": 136, \"opening_reversal\": 156}",
  "pnl_by_family_json": "{\"gap_behavior\": -2.6574999999995725, \"opening_momentum\": 10.21875000000125, \"opening_reversal\": -12.449999999998681}",
  "r_by_family_json": "{\"gap_behavior\": -8.98170902253055, \"opening_momentum\": 2.76124214262284, \"opening_reversal\": -11.492984917289908}",
  "trades_by_candidate_json": "{\"FAILED_ORB_001\": 156, \"GAP_ACCEPTANCE_FAILURE_001\": 23, \"ORB_CONTINUATION_001\": 136}",
  "pnl_by_candidate_json": "{\"FAILED_ORB_001\": -12.449999999998681, \"GAP_ACCEPTANCE_FAILURE_001\": -2.6574999999995725, \"ORB_CONTINUATION_001\": 10.21875000000125}",
  "r_by_candidate_json": "{\"FAILED_ORB_001\": -11.492984917289908, \"GAP_ACCEPTANCE_FAILURE_001\": -8.98170902253055, \"ORB_CONTINUATION_001\": 2.76124214262284}",
  "rejected_by_reason_json": "{\"existing_position\": 65, \"lower_priority_conflict\": 3, \"wrong_time_window\": 2}",
  "candidate_signals": 0,
  "rejected_signals": 70,
  "selected_signals": 0,
  "selection_rate": 0.8181818181818182,
  "combiner_score": -0.45968750286164717,
  "low_trade_count": false,
  "wrong_time_window_rejections": 2,
  "existing_position_rejections": 65,
  "daily_loss_limit_rejections": 0,
  "max_trades_rejections": 0,
  "max_trades_reached_rejections": 0,
  "cooldown_rejections": 0,
  "cooldown_after_loss_rejections": 0,
  "no_new_after_rejections": 0,
  "risk_too_small_rejections": 0,
  "lower_priority_rejections": 3,
  "last_bar_no_entry_rejections": 0,
  "session_boundary_no_entry_rejections": 0,
  "disabled_candidate_rejections": 0,
  "opposite_direction_conflict_rejections": 0,
  "invalid_stop_side_rejections": 0,
  "invalid_target_side_rejections": 0,
  "invalid_target_r_rejections": 0,
  "invalid_price_nan_rejections": 0,
  "trades_by_daily_trade_number_json": "{\"1\": 231, \"2\": 84}",
  "r_by_daily_trade_number_json": "{\"1\": -6.905058115263211, \"2\": -10.808393681934403}",
  "pnl_by_daily_trade_number_json": "{\"1\": -5.308749999997929, \"2\": 0.4200000000009254}",
  "profit_factor_r_by_daily_trade_number_json": "{\"1\": 0.9515434503582217, \"2\": 0.8034424208143467}",
  "avg_r_by_daily_trade_number_json": "{\"1\": -0.02989202647300091, \"2\": -0.12867135335636193}",
  "win_rate_by_daily_trade_number_json": "{\"1\": 0.3939393939393939, \"2\": 0.35714285714285715}"
}