{
  "trades": 428,
  "win_rate": 0.4602803738317757,
  "total_net_pnl": 83.24250000000416,
  "avg_net_pnl": 0.19449182242991625,
  "total_r": 60.210570023601534,
  "avg_r": 0.14067890192430266,
  "profit_factor": 1.3528645005404967,
  "max_drawdown_pnl": -22.1112499999997,
  "max_drawdown_r": -17.44316786757406,
  "avg_bars_held": 16.72196261682243,
  "stop_count": 224,
  "target_count": 169,
  "eod_count": 0,
  "end_of_data_count": 0,
  "max_hold_count": 35,
  "profit_factor_r": 1.261783499319556,
  "median_r": -1.0041539548752914,
  "p25_r": -1.0115108630655671,
  "p75_r": 1.2427004403538353,
  "worst_trade_r": -1.090909090908997,
  "best_trade_r": 1.998161764705884,
  "std_r": 1.2768838033590897,
  "active_days": 306,
  "positive_day_rate": 0.565359477124183,
  "avg_daily_r": 0.19676656870458015,
  "median_daily_r": 0.2322796250179563,
  "worst_day_r": -2.114164904862467,
  "best_day_r": 3.719654528478046,
  "daily_profit_factor_r": 1.3537828003486634,
  "avg_daily_trade_count": 1.3986928104575163,
  "max_daily_trade_count": 2,
  "estimated_round_trip_cost_per_share": 0.02,
  "avg_risk_per_share": 1.1034112149532613,
  "median_risk_per_share": 0.950000000000017,
  "p10_risk_per_share": 0.42699999999995275,
  "p25_risk_per_share": 0.6287499999999966,
  "avg_cost_r": 0.025942561292241473,
  "median_cost_r": 0.02105263157894699,
  "p90_cost_r": 0.0468438538206032,
  "pct_trades_cost_r_gt_0_25": 0.0,
  "pct_trades_cost_r_gt_0_50": 0.0,
  "pct_trades_cost_r_gt_1_00": 0.0,
  "end_of_session_count": 0,
  "trades_by_strategy_json": "{\"failed_orb\": 213, \"gap_acceptance_failure\": 23, \"orb_continuation\": 171, \"orb_retest_continuation\": 21}",
  "pnl_by_strategy_json": "{\"failed_orb\": 52.910000000002185, \"gap_acceptance_failure\": 4.102499999999907, \"orb_continuation\": 21.81250000000216, \"orb_retest_continuation\": 4.4174999999999045}",
  "r_by_strategy_json": "{\"failed_orb\": 40.375671967691424, \"gap_acceptance_failure\": 1.057987090375481, \"orb_continuation\": 14.794310965607087, \"orb_retest_continuation\": 3.982599999927542}",
  "trades_by_family_json": "{\"gap_behavior\": 23, \"opening_momentum\": 192, \"opening_reversal\": 213}",
  "pnl_by_family_json": "{\"gap_behavior\": 4.102499999999907, \"opening_momentum\": 26.230000000002065, \"opening_reversal\": 52.910000000002185}",
  "r_by_family_json": "{\"gap_behavior\": 1.057987090375481, \"opening_momentum\": 18.77691096553463, \"opening_reversal\": 40.375671967691424}",
  "trades_by_candidate_json": "{\"FAILED_ORB_001\": 213, \"GAP_ACCEPTANCE_FAILURE_001\": 23, \"ORB_CONTINUATION_001\": 171, \"ORB_RETEST_CONTINUATION_001\": 21}",
  "pnl_by_candidate_json": "{\"FAILED_ORB_001\": 52.910000000002185, \"GAP_ACCEPTANCE_FAILURE_001\": 4.102499999999907, \"ORB_CONTINUATION_001\": 21.81250000000216, \"ORB_RETEST_CONTINUATION_001\": 4.4174999999999045}",
  "r_by_candidate_json": "{\"FAILED_ORB_001\": 40.375671967691424, \"GAP_ACCEPTANCE_FAILURE_001\": 1.057987090375481, \"ORB_CONTINUATION_001\": 14.794310965607087, \"ORB_RETEST_CONTINUATION_001\": 3.982599999927542}",
  "rejected_by_reason_json": "{\"existing_position\": 258, \"lower_priority_conflict\": 39, \"wrong_time_window\": 4}",
  "candidate_signals": 0,
  "rejected_signals": 301,
  "selected_signals": 0,
  "selection_rate": 0.5871056241426612,
  "combiner_score": 1.0160060522504755,
  "low_trade_count": false,
  "wrong_time_window_rejections": 4,
  "existing_position_rejections": 258,
  "daily_loss_limit_rejections": 0,
  "max_trades_rejections": 0,
  "max_trades_reached_rejections": 0,
  "cooldown_rejections": 0,
  "cooldown_after_loss_rejections": 0,
  "no_new_after_rejections": 0,
  "risk_too_small_rejections": 0,
  "lower_priority_rejections": 39,
  "last_bar_no_entry_rejections": 0,
  "session_boundary_no_entry_rejections": 0,
  "disabled_candidate_rejections": 0,
  "opposite_direction_conflict_rejections": 0,
  "invalid_stop_side_rejections": 0,
  "invalid_target_side_rejections": 0,
  "invalid_target_r_rejections": 0,
  "invalid_price_nan_rejections": 0,
  "trades_by_daily_trade_number_json": "{\"1\": 306, \"2\": 122}",
  "r_by_daily_trade_number_json": "{\"1\": 31.707914355216946, \"2\": 28.50265566838459}",
  "pnl_by_daily_trade_number_json": "{\"1\": 60.960000000003845, \"2\": 22.28250000000031}",
  "profit_factor_r_by_daily_trade_number_json": "{\"1\": 1.1844592175456823, \"2\": 1.4905388799015686}",
  "avg_r_by_daily_trade_number_json": "{\"1\": 0.1036206351477678, \"2\": 0.23362832515069337}",
  "win_rate_by_daily_trade_number_json": "{\"1\": 0.4411764705882353, \"2\": 0.5081967213114754}"
}