{
  "trades": 71,
  "win_rate": 0.5633802816901409,
  "total_net_pnl": 22.37750000000068,
  "avg_net_pnl": 0.31517605633803775,
  "total_r": 13.952036570418471,
  "avg_r": 0.19650755732983763,
  "profit_factor": 1.5265294117647268,
  "max_drawdown_pnl": -10.277500000000032,
  "max_drawdown_r": -6.283298149809481,
  "avg_bars_held": 29.239436619718308,
  "stop_count": 28,
  "target_count": 33,
  "eod_count": 0,
  "end_of_data_count": 0,
  "max_hold_count": 10,
  "profit_factor_r": 1.4838654238300022,
  "median_r": 0.3562340966921004,
  "p25_r": -1.0070936257986554,
  "p75_r": 1.2385710553814104,
  "worst_trade_r": -1.0199999999999818,
  "best_trade_r": 1.2489304812834265,
  "std_r": 1.043213310729102,
  "active_days": 71,
  "positive_day_rate": 0.5633802816901409,
  "avg_daily_r": 0.19650755732983763,
  "median_daily_r": 0.3562340966921004,
  "worst_day_r": -1.0199999999999818,
  "best_day_r": 1.2489304812834265,
  "daily_profit_factor_r": 1.4838654238300022,
  "avg_daily_trade_count": 1.0,
  "max_daily_trade_count": 1,
  "estimated_round_trip_cost_per_share": 0.02,
  "avg_risk_per_share": 1.6257746478873216,
  "median_risk_per_share": 1.3299999999999272,
  "p10_risk_per_share": 0.5299999999999727,
  "p25_risk_per_share": 0.7350000000000136,
  "avg_cost_r": 0.02086608853774012,
  "median_cost_r": 0.01503759398496323,
  "p90_cost_r": 0.037735849056605715,
  "pct_trades_cost_r_gt_0_25": 0.0,
  "pct_trades_cost_r_gt_0_50": 0.0,
  "pct_trades_cost_r_gt_1_00": 0.0,
  "end_of_session_count": 0,
  "trades_by_strategy_json": "{\"prior_day_level_trap\": 71}",
  "pnl_by_strategy_json": "{\"prior_day_level_trap\": 22.37750000000068}",
  "r_by_strategy_json": "{\"prior_day_level_trap\": 13.952036570418471}",
  "trades_by_family_json": "{\"key_level_trap\": 71}",
  "pnl_by_family_json": "{\"key_level_trap\": 22.37750000000068}",
  "r_by_family_json": "{\"key_level_trap\": 13.952036570418471}",
  "trades_by_candidate_json": "{\"PRIOR_DAY_LEVEL_TRAP_001\": 71}",
  "pnl_by_candidate_json": "{\"PRIOR_DAY_LEVEL_TRAP_001\": 22.37750000000068}",
  "r_by_candidate_json": "{\"PRIOR_DAY_LEVEL_TRAP_001\": 13.952036570418471}",
  "rejected_by_reason_json": "{}",
  "candidate_signals": 0,
  "rejected_signals": 0,
  "selected_signals": 0,
  "selection_rate": 1.0,
  "combiner_score": 1.318071579207001,
  "low_trade_count": false,
  "wrong_time_window_rejections": 0,
  "existing_position_rejections": 0,
  "daily_loss_limit_rejections": 0,
  "max_trades_rejections": 0,
  "max_trades_reached_rejections": 0,
  "cooldown_rejections": 0,
  "cooldown_after_loss_rejections": 0,
  "no_new_after_rejections": 0,
  "risk_too_small_rejections": 0,
  "lower_priority_rejections": 0,
  "last_bar_no_entry_rejections": 0,
  "session_boundary_no_entry_rejections": 0,
  "disabled_candidate_rejections": 0,
  "opposite_direction_conflict_rejections": 0,
  "invalid_stop_side_rejections": 0,
  "invalid_target_side_rejections": 0,
  "invalid_target_r_rejections": 0,
  "invalid_price_nan_rejections": 0,
  "trades_by_daily_trade_number_json": "{\"1\": 71}",
  "r_by_daily_trade_number_json": "{\"1\": 13.952036570418471}",
  "pnl_by_daily_trade_number_json": "{\"1\": 22.37750000000068}",
  "profit_factor_r_by_daily_trade_number_json": "{\"1\": 1.4838654238300022}",
  "avg_r_by_daily_trade_number_json": "{\"1\": 0.19650755732983763}",
  "win_rate_by_daily_trade_number_json": "{\"1\": 0.5633802816901409}"
}