{
  "trades": 158,
  "win_rate": 0.5,
  "total_net_pnl": 19.647500000002196,
  "avg_net_pnl": 0.1243512658227987,
  "total_r": 18.40022322618652,
  "avg_r": 0.11645710902649696,
  "profit_factor": 1.3262620391896833,
  "max_drawdown_pnl": -6.557499999999322,
  "max_drawdown_r": -7.402049994154527,
  "avg_bars_held": 21.164556962025316,
  "stop_count": 70,
  "target_count": 59,
  "eod_count": 0,
  "end_of_data_count": 0,
  "max_hold_count": 29,
  "profit_factor_r": 1.2481147393820808,
  "median_r": -0.0018817204301122582,
  "p25_r": -1.012271307452019,
  "p75_r": 1.2431860902255647,
  "worst_trade_r": -1.0399999999999636,
  "best_trade_r": 1.490291262135931,
  "std_r": 1.1033810430037614,
  "active_days": 158,
  "positive_day_rate": 0.5,
  "avg_daily_r": 0.11645710902649696,
  "median_daily_r": -0.0018817204301122582,
  "worst_day_r": -1.0399999999999636,
  "best_day_r": 1.490291262135931,
  "daily_profit_factor_r": 1.2481147393820808,
  "avg_daily_trade_count": 1.0,
  "max_daily_trade_count": 1,
  "estimated_round_trip_cost_per_share": 0.02,
  "avg_risk_per_share": 0.8748734177215097,
  "median_risk_per_share": 0.8149999999999977,
  "p10_risk_per_share": 0.4399999999999977,
  "p25_risk_per_share": 0.5725000000000051,
  "avg_cost_r": 0.027829407534225383,
  "median_cost_r": 0.024540800963565257,
  "p90_cost_r": 0.04545454545454569,
  "pct_trades_cost_r_gt_0_25": 0.0,
  "pct_trades_cost_r_gt_0_50": 0.0,
  "pct_trades_cost_r_gt_1_00": 0.0,
  "end_of_session_count": 0,
  "trades_by_strategy_json": "{\"failed_orb\": 103, \"gap_acceptance_failure\": 55}",
  "pnl_by_strategy_json": "{\"failed_orb\": 7.7450000000014825, \"gap_acceptance_failure\": 11.902500000000714}",
  "r_by_strategy_json": "{\"failed_orb\": 12.324042002426431, \"gap_acceptance_failure\": 6.076181223760093}",
  "trades_by_family_json": "{\"gap_behavior\": 55, \"opening_reversal\": 103}",
  "pnl_by_family_json": "{\"gap_behavior\": 11.902500000000714, \"opening_reversal\": 7.7450000000014825}",
  "r_by_family_json": "{\"gap_behavior\": 6.076181223760093, \"opening_reversal\": 12.324042002426431}",
  "trades_by_candidate_json": "{\"FAILED_ORB_001\": 103, \"GAP_ACCEPTANCE_FAILURE_001\": 55}",
  "pnl_by_candidate_json": "{\"FAILED_ORB_001\": 7.7450000000014825, \"GAP_ACCEPTANCE_FAILURE_001\": 11.902500000000714}",
  "r_by_candidate_json": "{\"FAILED_ORB_001\": 12.324042002426431, \"GAP_ACCEPTANCE_FAILURE_001\": 6.076181223760093}",
  "rejected_by_reason_json": "{\"existing_position\": 16, \"lower_priority_conflict\": 7, \"wrong_time_window\": 9}",
  "candidate_signals": 0,
  "rejected_signals": 32,
  "selected_signals": 0,
  "selection_rate": 0.8315789473684211,
  "combiner_score": 0.77903933079582,
  "low_trade_count": false,
  "wrong_time_window_rejections": 9,
  "existing_position_rejections": 16,
  "daily_loss_limit_rejections": 0,
  "max_trades_rejections": 0,
  "max_trades_reached_rejections": 0,
  "cooldown_rejections": 0,
  "cooldown_after_loss_rejections": 0,
  "no_new_after_rejections": 0,
  "risk_too_small_rejections": 0,
  "lower_priority_rejections": 7,
  "last_bar_no_entry_rejections": 0,
  "session_boundary_no_entry_rejections": 0,
  "disabled_candidate_rejections": 0,
  "opposite_direction_conflict_rejections": 0,
  "invalid_stop_side_rejections": 0,
  "invalid_target_side_rejections": 0,
  "invalid_target_r_rejections": 0,
  "invalid_price_nan_rejections": 0,
  "trades_by_daily_trade_number_json": "{\"1\": 158}",
  "r_by_daily_trade_number_json": "{\"1\": 18.40022322618652}",
  "pnl_by_daily_trade_number_json": "{\"1\": 19.647500000002196}",
  "profit_factor_r_by_daily_trade_number_json": "{\"1\": 1.2481147393820808}",
  "avg_r_by_daily_trade_number_json": "{\"1\": 0.11645710902649696}",
  "win_rate_by_daily_trade_number_json": "{\"1\": 0.5}"
}