period,trades,total_r,total_net_pnl,profit_factor,profit_factor_r,max_drawdown_r,win_rate,avg_r,median_r
2023-01,15,6.314993356522673,3.517500000000325,1.569174757281616,2.21113090184205,-2.0152111046847745,0.6,0.42099955710151155,1.240196078431368
2023-02,18,1.496499784618806,4.322500000000332,1.5841216216216907,1.1753812862077402,-4.041704899601842,0.5,0.08313887692326699,-0.19038461538460075
2023-03,15,1.2192815189310027,0.2025000000001569,1.032556270096489,1.1846770835202491,-3.5287676337912126,0.5333333333333333,0.08128543459540018,0.2153846153846894
2023-04,14,0.03469781809700989,0.31250000000005684,1.0528764805414657,1.004267188987271,-3.059318192121075,0.42857142857142855,0.0024784155783578493,-1.0084134615384541
2023-05,16,-7.306817760231828,-4.337499999999693,0.3847517730496651,0.35952989846291034,-7.306817760231827,0.25,-0.45667611001448927,-1.0160092213114607
2023-06,13,5.524527775465601,5.0825000000000955,2.022635814889373,2.0910344137213293,-2.018363357073018,0.6153846153846154,0.42496367503581545,1.243710691823896
2023-07,14,1.7400352491085522,0.9900000000004638,1.2487437185930945,1.3456701811227592,-3.69066474519195,0.5714285714285714,0.1242882320791823,0.19166666666671528
2023-08,10,1.2046132372958396,2.040000000000248,1.4425162689805406,1.2380470023416215,-2.025757575757552,0.5,0.12046132372958396,-0.2264441287878552
2023-09,12,-3.1176439387291888,-2.4274999999998386,0.5792894280762748,0.5743063755057003,-4.826337818530917,0.25,-0.25980366156076573,-1.0095670140136455
2023-10,14,2.7103303466128748,3.5725000000001046,1.7074257425742845,1.4042856640034385,-4.06650134066603,0.5,0.19359502475806248,0.31581527347781674
2023-11,9,4.555862857588207,2.9400000000000546,2.539267015706906,2.4933082464578384,-1.022727272727252,0.6666666666666666,0.5062069841764675,1.2282608695652388
2023-12,8,4.0238429809069745,3.432499999999891,3.9337606837606933,2.9775066501438117,-1.0178571428571266,0.75,0.5029803726133718,0.8820251937984764
