{
  "trades": 188,
  "win_rate": 0.35106382978723405,
  "total_net_pnl": -4.359999999998479,
  "avg_net_pnl": -0.023191489361694035,
  "total_r": -11.055847681352455,
  "avg_r": -0.058807700432725825,
  "profit_factor": 0.9497464269248667,
  "max_drawdown_pnl": -11.797499999999161,
  "max_drawdown_r": -17.624806948397858,
  "avg_bars_held": 17.579787234042552,
  "stop_count": 120,
  "target_count": 54,
  "eod_count": 0,
  "end_of_data_count": 0,
  "max_hold_count": 14,
  "profit_factor_r": 0.9098207141179246,
  "median_r": -1.0105263157894642,
  "p25_r": -1.0197058823529237,
  "p75_r": 1.7337171052631957,
  "worst_trade_r": -1.0526315789473213,
  "best_trade_r": 1.9916666666666742,
  "std_r": 1.3182059730167668,
  "active_days": 188,
  "positive_day_rate": 0.35106382978723405,
  "avg_daily_r": -0.058807700432725825,
  "median_daily_r": -1.0105263157894642,
  "worst_day_r": -1.0526315789473213,
  "best_day_r": 1.9916666666666742,
  "daily_profit_factor_r": 0.9098207141179246,
  "avg_daily_trade_count": 1.0,
  "max_daily_trade_count": 1,
  "estimated_round_trip_cost_per_share": 0.02,
  "avg_risk_per_share": 0.751914893617015,
  "median_risk_per_share": 0.6299999999999955,
  "p10_risk_per_share": 0.2899999999999636,
  "p25_risk_per_share": 0.4100000000000108,
  "avg_cost_r": 0.038240853289649504,
  "median_cost_r": 0.03174603174603197,
  "p90_cost_r": 0.06896551724138797,
  "pct_trades_cost_r_gt_0_25": 0.0,
  "pct_trades_cost_r_gt_0_50": 0.0,
  "pct_trades_cost_r_gt_1_00": 0.0,
  "end_of_session_count": 0,
  "trades_by_strategy_json": "{\"failed_orb\": 146, \"gap_acceptance_failure\": 29, \"prior_day_level_trap\": 13}",
  "pnl_by_strategy_json": "{\"failed_orb\": -15.319999999998913, \"gap_acceptance_failure\": 9.570000000000391, \"prior_day_level_trap\": 1.3900000000000432}",
  "r_by_strategy_json": "{\"failed_orb\": -15.253576796824142, \"gap_acceptance_failure\": 3.0093062525186913, \"prior_day_level_trap\": 1.1884228629529892}",
  "trades_by_family_json": "{\"gap_behavior\": 29, \"key_level_trap\": 13, \"opening_reversal\": 146}",
  "pnl_by_family_json": "{\"gap_behavior\": 9.570000000000391, \"key_level_trap\": 1.3900000000000432, \"opening_reversal\": -15.319999999998913}",
  "r_by_family_json": "{\"gap_behavior\": 3.0093062525186913, \"key_level_trap\": 1.1884228629529892, \"opening_reversal\": -15.253576796824142}",
  "trades_by_candidate_json": "{\"FAILED_ORB_001\": 146, \"GAP_ACCEPTANCE_FAILURE_001\": 29, \"PRIOR_DAY_LEVEL_TRAP_001\": 13}",
  "pnl_by_candidate_json": "{\"FAILED_ORB_001\": -15.319999999998913, \"GAP_ACCEPTANCE_FAILURE_001\": 9.570000000000391, \"PRIOR_DAY_LEVEL_TRAP_001\": 1.3900000000000432}",
  "r_by_candidate_json": "{\"FAILED_ORB_001\": -15.253576796824142, \"GAP_ACCEPTANCE_FAILURE_001\": 3.0093062525186913, \"PRIOR_DAY_LEVEL_TRAP_001\": 1.1884228629529892}",
  "rejected_by_reason_json": "{\"existing_position\": 17, \"lower_priority_conflict\": 1}",
  "candidate_signals": 0,
  "rejected_signals": 18,
  "selected_signals": 0,
  "selection_rate": 0.912621359223301,
  "combiner_score": -0.042415283981398405,
  "low_trade_count": false,
  "wrong_time_window_rejections": 0,
  "existing_position_rejections": 17,
  "daily_loss_limit_rejections": 0,
  "max_trades_rejections": 0,
  "max_trades_reached_rejections": 0,
  "cooldown_rejections": 0,
  "cooldown_after_loss_rejections": 0,
  "no_new_after_rejections": 0,
  "risk_too_small_rejections": 0,
  "lower_priority_rejections": 1,
  "last_bar_no_entry_rejections": 0,
  "session_boundary_no_entry_rejections": 0,
  "disabled_candidate_rejections": 0,
  "opposite_direction_conflict_rejections": 0,
  "invalid_stop_side_rejections": 0,
  "invalid_target_side_rejections": 0,
  "invalid_target_r_rejections": 0,
  "invalid_price_nan_rejections": 0,
  "trades_by_daily_trade_number_json": "{\"1\": 188}",
  "r_by_daily_trade_number_json": "{\"1\": -11.055847681352455}",
  "pnl_by_daily_trade_number_json": "{\"1\": -4.359999999998479}",
  "profit_factor_r_by_daily_trade_number_json": "{\"1\": 0.9098207141179246}",
  "avg_r_by_daily_trade_number_json": "{\"1\": -0.058807700432725825}",
  "win_rate_by_daily_trade_number_json": "{\"1\": 0.35106382978723405}"
}