{
  "trades": 194,
  "win_rate": 0.3917525773195876,
  "total_net_pnl": 9.005000000002951,
  "avg_net_pnl": 0.04641752577321109,
  "total_r": 6.635351438030091,
  "avg_r": 0.03420284246407264,
  "profit_factor": 1.126830985915539,
  "max_drawdown_pnl": -10.114999999998076,
  "max_drawdown_r": -20.527125973449348,
  "avg_bars_held": 20.371134020618555,
  "stop_count": 114,
  "target_count": 59,
  "eod_count": 0,
  "end_of_data_count": 0,
  "max_hold_count": 21,
  "profit_factor_r": 1.0560990961848704,
  "median_r": -1.0108695652173811,
  "p25_r": -1.0211657801418244,
  "p75_r": 1.735297995780618,
  "worst_trade_r": -1.0833333333332544,
  "best_trade_r": 1.9894736842105358,
  "std_r": 1.3338180983646724,
  "active_days": 194,
  "positive_day_rate": 0.3917525773195876,
  "avg_daily_r": 0.03420284246407264,
  "median_daily_r": -1.0108695652173811,
  "worst_day_r": -1.0833333333332544,
  "best_day_r": 1.9894736842105358,
  "daily_profit_factor_r": 1.0560990961848704,
  "avg_daily_trade_count": 1.0,
  "max_daily_trade_count": 1,
  "estimated_round_trip_cost_per_share": 0.02,
  "avg_risk_per_share": 0.6556701030927744,
  "median_risk_per_share": 0.5550000000000068,
  "p10_risk_per_share": 0.225999999999965,
  "p25_risk_per_share": 0.3725000000000023,
  "avg_cost_r": 0.04469058636994716,
  "median_cost_r": 0.03603896103896059,
  "p90_cost_r": 0.0886363636363773,
  "pct_trades_cost_r_gt_0_25": 0.0,
  "pct_trades_cost_r_gt_0_50": 0.0,
  "pct_trades_cost_r_gt_1_00": 0.0,
  "end_of_session_count": 0,
  "trades_by_strategy_json": "{\"failed_orb\": 145, \"gap_acceptance_failure\": 34, \"prior_day_level_trap\": 15}",
  "pnl_by_strategy_json": "{\"failed_orb\": 8.410000000002071, \"gap_acceptance_failure\": 0.6700000000005844, \"prior_day_level_trap\": -0.07499999999970441}",
  "r_by_strategy_json": "{\"failed_orb\": 6.685446044270171, \"gap_acceptance_failure\": -2.641636368307077, \"prior_day_level_trap\": 2.5915417620669974}",
  "trades_by_family_json": "{\"gap_behavior\": 34, \"key_level_trap\": 15, \"opening_reversal\": 145}",
  "pnl_by_family_json": "{\"gap_behavior\": 0.6700000000005844, \"key_level_trap\": -0.07499999999970441, \"opening_reversal\": 8.410000000002071}",
  "r_by_family_json": "{\"gap_behavior\": -2.641636368307077, \"key_level_trap\": 2.5915417620669974, \"opening_reversal\": 6.685446044270171}",
  "trades_by_candidate_json": "{\"FAILED_ORB_001\": 145, \"GAP_ACCEPTANCE_FAILURE_001\": 34, \"PRIOR_DAY_LEVEL_TRAP_001\": 15}",
  "pnl_by_candidate_json": "{\"FAILED_ORB_001\": 8.410000000002071, \"GAP_ACCEPTANCE_FAILURE_001\": 0.6700000000005844, \"PRIOR_DAY_LEVEL_TRAP_001\": -0.07499999999970441}",
  "r_by_candidate_json": "{\"FAILED_ORB_001\": 6.685446044270171, \"GAP_ACCEPTANCE_FAILURE_001\": -2.641636368307077, \"PRIOR_DAY_LEVEL_TRAP_001\": 2.5915417620669974}",
  "rejected_by_reason_json": "{\"existing_position\": 19, \"lower_priority_conflict\": 2}",
  "candidate_signals": 0,
  "rejected_signals": 21,
  "selected_signals": 0,
  "selection_rate": 0.9023255813953488,
  "combiner_score": 0.17017634426189138,
  "low_trade_count": false,
  "wrong_time_window_rejections": 0,
  "existing_position_rejections": 19,
  "daily_loss_limit_rejections": 0,
  "max_trades_rejections": 0,
  "max_trades_reached_rejections": 0,
  "cooldown_rejections": 0,
  "cooldown_after_loss_rejections": 0,
  "no_new_after_rejections": 0,
  "risk_too_small_rejections": 0,
  "lower_priority_rejections": 2,
  "last_bar_no_entry_rejections": 0,
  "session_boundary_no_entry_rejections": 0,
  "disabled_candidate_rejections": 0,
  "opposite_direction_conflict_rejections": 0,
  "invalid_stop_side_rejections": 0,
  "invalid_target_side_rejections": 0,
  "invalid_target_r_rejections": 0,
  "invalid_price_nan_rejections": 0,
  "trades_by_daily_trade_number_json": "{\"1\": 194}",
  "r_by_daily_trade_number_json": "{\"1\": 6.635351438030091}",
  "pnl_by_daily_trade_number_json": "{\"1\": 9.005000000002951}",
  "profit_factor_r_by_daily_trade_number_json": "{\"1\": 1.0560990961848704}",
  "avg_r_by_daily_trade_number_json": "{\"1\": 0.03420284246407264}",
  "win_rate_by_daily_trade_number_json": "{\"1\": 0.3917525773195876}"
}