subset,trades,total_r,avg_r,win_rate,pf_r,max_dd_r_proxy,n_target,n_stop,low_sample_warning,scenario,train_thr
train_all_v15,164,27.831377885592737,0.16970352369263864,0.5304878048780488,1.3478657549226756,-5.292431654326474,80,76,False,v15,
test_all_v15,173,14.371749417577693,0.08307369605536238,0.4797687861271676,1.154095860005159,-9.799627318113938,81,90,False,v15,
test_top80_train_thr_v15,144,4.652289236363901,0.03230756414141597,0.4583333333333333,1.0574951987291388,-10.279316606563357,65,78,False,v15,55.0
