group,trades,total_r,avg_r,win_rate,max_loss_r,profit_factor_r,avg_bars_held,exit_reason_unique
stop,23,-23.191726333458615,-1.008335927541679,0.0,-1.0212765957446603,0.0,17.0,1
max_hold,2,-0.45810457516335373,-0.22905228758167687,0.5,-0.5022222222222202,0.08784487246234514,15.0,1
target,1,1.2440119760479265,1.2440119760479265,1.0,1.2440119760479265,,11.0,1
