{
  "trades": 57,
  "win_rate": 0.47368421052631576,
  "total_net_pnl": 1.4650000000002592,
  "avg_net_pnl": 0.025701754385969458,
  "total_r": 2.7904795605620842,
  "avg_r": 0.04895578176424709,
  "profit_factor": 1.0547050037341408,
  "max_drawdown_pnl": -8.074999999999818,
  "max_drawdown_r": -6.297087288549545,
  "avg_bars_held": 21.789473684210527,
  "stop_count": 28,
  "target_count": 25,
  "eod_count": 0,
  "end_of_data_count": 0,
  "max_hold_count": 4,
  "profit_factor_r": 1.0971230815217135,
  "median_r": -0.29661016949154295,
  "p25_r": -1.0124999999999893,
  "p75_r": 1.236301369863045,
  "worst_trade_r": -1.0357142857142567,
  "best_trade_r": 1.2460784313725526,
  "std_r": 1.0847866284101424,
  "active_days": 57,
  "positive_day_rate": 0.47368421052631576,
  "avg_daily_r": 0.04895578176424709,
  "median_daily_r": -0.29661016949154295,
  "worst_day_r": -1.0357142857142567,
  "best_day_r": 1.2460784313725526,
  "daily_profit_factor_r": 1.0971230815217135,
  "avg_daily_trade_count": 1.0,
  "max_daily_trade_count": 1,
  "estimated_round_trip_cost_per_share": 0.02,
  "avg_risk_per_share": 0.9421052631578816,
  "median_risk_per_share": 0.7999999999999545,
  "p10_risk_per_share": 0.325999999999965,
  "p25_risk_per_share": 0.5900000000000318,
  "avg_cost_r": 0.029895342652282945,
  "median_cost_r": 0.02500000000000142,
  "p90_cost_r": 0.06136363636364309,
  "pct_trades_cost_r_gt_0_25": 0.0,
  "pct_trades_cost_r_gt_0_50": 0.0,
  "pct_trades_cost_r_gt_1_00": 0.0,
  "end_of_session_count": 0,
  "trades_by_strategy_json": "{\"prior_day_level_trap\": 57}",
  "pnl_by_strategy_json": "{\"prior_day_level_trap\": 1.4650000000002592}",
  "r_by_strategy_json": "{\"prior_day_level_trap\": 2.7904795605620842}",
  "trades_by_family_json": "{\"key_level_trap\": 57}",
  "pnl_by_family_json": "{\"key_level_trap\": 1.4650000000002592}",
  "r_by_family_json": "{\"key_level_trap\": 2.7904795605620842}",
  "trades_by_candidate_json": "{\"PRIOR_DAY_LEVEL_TRAP_001\": 57}",
  "pnl_by_candidate_json": "{\"PRIOR_DAY_LEVEL_TRAP_001\": 1.4650000000002592}",
  "r_by_candidate_json": "{\"PRIOR_DAY_LEVEL_TRAP_001\": 2.7904795605620842}",
  "rejected_by_reason_json": "{}",
  "candidate_signals": 0,
  "rejected_signals": 0,
  "selected_signals": 0,
  "selection_rate": 1.0,
  "combiner_score": 0.8058601048018752,
  "low_trade_count": false,
  "wrong_time_window_rejections": 0,
  "existing_position_rejections": 0,
  "daily_loss_limit_rejections": 0,
  "max_trades_rejections": 0,
  "max_trades_reached_rejections": 0,
  "cooldown_rejections": 0,
  "cooldown_after_loss_rejections": 0,
  "no_new_after_rejections": 0,
  "risk_too_small_rejections": 0,
  "lower_priority_rejections": 0,
  "last_bar_no_entry_rejections": 0,
  "session_boundary_no_entry_rejections": 0,
  "disabled_candidate_rejections": 0,
  "opposite_direction_conflict_rejections": 0,
  "invalid_stop_side_rejections": 0,
  "invalid_target_side_rejections": 0,
  "invalid_target_r_rejections": 0,
  "invalid_price_nan_rejections": 0,
  "trades_by_daily_trade_number_json": "{\"1\": 57}",
  "r_by_daily_trade_number_json": "{\"1\": 2.7904795605620842}",
  "pnl_by_daily_trade_number_json": "{\"1\": 1.4650000000002592}",
  "profit_factor_r_by_daily_trade_number_json": "{\"1\": 1.0971230815217135}",
  "avg_r_by_daily_trade_number_json": "{\"1\": 0.04895578176424709}",
  "win_rate_by_daily_trade_number_json": "{\"1\": 0.47368421052631576}"
}