{
  "trades": 56,
  "win_rate": 0.39285714285714285,
  "total_net_pnl": -7.65499999999912,
  "avg_net_pnl": -0.13669642857141287,
  "total_r": -7.62835401595382,
  "avg_r": -0.1362206074277468,
  "profit_factor": 0.6696158826068477,
  "max_drawdown_pnl": -10.05999999999932,
  "max_drawdown_r": -12.909028258827304,
  "avg_bars_held": 19.017857142857142,
  "stop_count": 33,
  "target_count": 21,
  "eod_count": 0,
  "end_of_data_count": 0,
  "max_hold_count": 2,
  "profit_factor_r": 0.7779774451870243,
  "median_r": -1.0092167855929244,
  "p25_r": -1.0201020408163082,
  "p75_r": 1.221691176470563,
  "worst_trade_r": -1.0499999999999574,
  "best_trade_r": 1.2429078014184565,
  "std_r": 1.088200556697666,
  "active_days": 56,
  "positive_day_rate": 0.39285714285714285,
  "avg_daily_r": -0.1362206074277468,
  "median_daily_r": -1.0092167855929244,
  "worst_day_r": -1.0499999999999574,
  "best_day_r": 1.2429078014184565,
  "daily_profit_factor_r": 0.7779774451870243,
  "avg_daily_trade_count": 1.0,
  "max_daily_trade_count": 1,
  "estimated_round_trip_cost_per_share": 0.02,
  "avg_risk_per_share": 0.6494642857142787,
  "median_risk_per_share": 0.5549999999999784,
  "p10_risk_per_share": 0.24500000000000455,
  "p25_risk_per_share": 0.38999999999998636,
  "avg_cost_r": 0.04330689808535052,
  "median_cost_r": 0.03606237816764278,
  "p90_cost_r": 0.08166666666666508,
  "pct_trades_cost_r_gt_0_25": 0.0,
  "pct_trades_cost_r_gt_0_50": 0.0,
  "pct_trades_cost_r_gt_1_00": 0.0,
  "end_of_session_count": 0,
  "trades_by_strategy_json": "{\"prior_day_level_trap\": 56}",
  "pnl_by_strategy_json": "{\"prior_day_level_trap\": -7.65499999999912}",
  "r_by_strategy_json": "{\"prior_day_level_trap\": -7.628354015953821}",
  "trades_by_family_json": "{\"key_level_trap\": 56}",
  "pnl_by_family_json": "{\"key_level_trap\": -7.65499999999912}",
  "r_by_family_json": "{\"key_level_trap\": -7.628354015953821}",
  "trades_by_candidate_json": "{\"PRIOR_DAY_LEVEL_TRAP_001\": 56}",
  "pnl_by_candidate_json": "{\"PRIOR_DAY_LEVEL_TRAP_001\": -7.65499999999912}",
  "r_by_candidate_json": "{\"PRIOR_DAY_LEVEL_TRAP_001\": -7.628354015953821}",
  "rejected_by_reason_json": "{}",
  "candidate_signals": 0,
  "rejected_signals": 0,
  "selected_signals": 0,
  "selection_rate": 1.0,
  "combiner_score": 0.10890186745986405,
  "low_trade_count": false,
  "wrong_time_window_rejections": 0,
  "existing_position_rejections": 0,
  "daily_loss_limit_rejections": 0,
  "max_trades_rejections": 0,
  "max_trades_reached_rejections": 0,
  "cooldown_rejections": 0,
  "cooldown_after_loss_rejections": 0,
  "no_new_after_rejections": 0,
  "risk_too_small_rejections": 0,
  "lower_priority_rejections": 0,
  "last_bar_no_entry_rejections": 0,
  "session_boundary_no_entry_rejections": 0,
  "disabled_candidate_rejections": 0,
  "opposite_direction_conflict_rejections": 0,
  "invalid_stop_side_rejections": 0,
  "invalid_target_side_rejections": 0,
  "invalid_target_r_rejections": 0,
  "invalid_price_nan_rejections": 0,
  "trades_by_daily_trade_number_json": "{\"1\": 56}",
  "r_by_daily_trade_number_json": "{\"1\": -7.62835401595382}",
  "pnl_by_daily_trade_number_json": "{\"1\": -7.65499999999912}",
  "profit_factor_r_by_daily_trade_number_json": "{\"1\": 0.7779774451870243}",
  "avg_r_by_daily_trade_number_json": "{\"1\": -0.1362206074277468}",
  "win_rate_by_daily_trade_number_json": "{\"1\": 0.39285714285714285}"
}