period,trades,total_r,total_net_pnl,profit_factor,profit_factor_r,max_drawdown_r,win_rate,avg_r,median_r
2023-01,4,-1.8176345637635358,-1.3449999999999136,0.31377551020409866,0.4035916952198753,-3.047634563763554,0.25,-0.45440864094088396,-1.0145580226225257
2023-02,4,-1.496460235067761,-2.3174999999999386,0.23261589403973637,0.4516284014609291,-1.7011385976408775,0.25,-0.37411505876694023,-0.8505692988204387
2023-03,7,1.8421990847916532,-0.25749999999993634,0.9150165016501837,1.6064987917792346,-2.030535855003914,0.5714285714285714,0.263171297827379,1.1875000000001554
2023-04,6,2.6275787765114194,3.452500000000157,8.19270833333424,2.2586485927632705,-2.087619047618973,0.6666666666666666,0.4379297960852366,1.1208827404479984
2023-05,2,-2.036701509872211,-1.599999999999966,0.0,0.0,-2.036701509872211,0.0,-1.0183507549361055,-1.0183507549361055
2023-06,4,-1.8452265080508647,-1.6699999999999022,0.2610619469026766,0.39980789600198474,-3.0743931747175512,0.25,-0.4613066270127162,-1.012196587358797
2023-07,3,-0.8051846417216662,-0.3300000000000409,0.6915887850466887,0.6050146961789993,-1.0212765957446603,0.3333333333333333,-0.2683948805738887,-1.0172413793103297
2023-08,8,-3.6556047850020708,-3.16499999999985,0.2757437070938378,0.40137109660319603,-4.07751322751316,0.25,-0.45695059812525884,-1.0131601731601614
2023-09,8,-1.4648028776726423,-1.482499999999959,0.4276061776061753,0.712872003814192,-4.080734250221758,0.375,-0.18310035970908028,-1.0174504584442312
2023-10,7,1.841448611859131,1.4900000000001796,1.8186813186814461,1.6029995454403176,-2.039925373134293,0.5714285714285714,0.2630640874084473,1.2065217391304777
2023-11,3,-0.8179653679652732,-0.42999999999995,0.5567010309278732,0.6000634987829782,-2.0452380952380533,0.3333333333333333,-0.27265512265509106,-1.0166666666666524
