{
  "trades": 326,
  "win_rate": 0.3834355828220859,
  "total_net_pnl": -12.741249999996683,
  "avg_net_pnl": -0.039083588957045036,
  "total_r": -25.064258240135416,
  "avg_r": -0.07688422773047673,
  "profit_factor": 0.9133660841776231,
  "max_drawdown_pnl": -22.664999999997917,
  "max_drawdown_r": -33.511435892711646,
  "avg_bars_held": 14.276073619631902,
  "stop_count": 201,
  "target_count": 110,
  "eod_count": 0,
  "end_of_data_count": 0,
  "max_hold_count": 15,
  "profit_factor_r": 0.87750138694525,
  "median_r": -1.0101282051281957,
  "p25_r": -1.0169491525423577,
  "p75_r": 1.2366666666666788,
  "worst_trade_r": -1.0526315789473213,
  "best_trade_r": 1.9916666666666742,
  "std_r": 1.2246652735938532,
  "active_days": 231,
  "positive_day_rate": 0.48917748917748916,
  "avg_daily_r": -0.10850328242482864,
  "median_daily_r": -0.6476426799007013,
  "worst_day_r": -2.0853548966755886,
  "best_day_r": 3.67872340425535,
  "daily_profit_factor_r": 0.8482933950151285,
  "avg_daily_trade_count": 1.4112554112554112,
  "max_daily_trade_count": 2,
  "estimated_round_trip_cost_per_share": 0.02,
  "avg_risk_per_share": 0.7466717791410971,
  "median_risk_per_share": 0.6599999999999682,
  "p10_risk_per_share": 0.3324999999999818,
  "p25_risk_per_share": 0.46125000000003524,
  "avg_cost_r": 0.0354647857238742,
  "median_cost_r": 0.030303030303031765,
  "p90_cost_r": 0.06015377657169015,
  "pct_trades_cost_r_gt_0_25": 0.0,
  "pct_trades_cost_r_gt_0_50": 0.0,
  "pct_trades_cost_r_gt_1_00": 0.0,
  "end_of_session_count": 0,
  "trades_by_strategy_json": "{\"failed_orb\": 148, \"gap_acceptance_failure\": 23, \"orb_continuation\": 136, \"orb_retest_continuation\": 19}",
  "pnl_by_strategy_json": "{\"failed_orb\": -12.029999999998665, \"gap_acceptance_failure\": -2.6574999999995725, \"orb_continuation\": 10.21875000000125, \"orb_retest_continuation\": -8.272499999999695}",
  "r_by_strategy_json": "{\"failed_orb\": -12.325065291594239, \"gap_acceptance_failure\": -8.98170902253055, \"orb_continuation\": 2.76124214262284, \"orb_retest_continuation\": -6.518726068633466}",
  "trades_by_family_json": "{\"gap_behavior\": 23, \"opening_momentum\": 155, \"opening_reversal\": 148}",
  "pnl_by_family_json": "{\"gap_behavior\": -2.6574999999995725, \"opening_momentum\": 1.9462500000015552, \"opening_reversal\": -12.029999999998665}",
  "r_by_family_json": "{\"gap_behavior\": -8.98170902253055, \"opening_momentum\": -3.757483926010626, \"opening_reversal\": -12.325065291594239}",
  "trades_by_candidate_json": "{\"FAILED_ORB_001\": 148, \"GAP_ACCEPTANCE_FAILURE_001\": 23, \"ORB_CONTINUATION_001\": 136, \"ORB_RETEST_CONTINUATION_001\": 19}",
  "pnl_by_candidate_json": "{\"FAILED_ORB_001\": -12.029999999998665, \"GAP_ACCEPTANCE_FAILURE_001\": -2.6574999999995725, \"ORB_CONTINUATION_001\": 10.21875000000125, \"ORB_RETEST_CONTINUATION_001\": -8.272499999999695}",
  "r_by_candidate_json": "{\"FAILED_ORB_001\": -12.325065291594239, \"GAP_ACCEPTANCE_FAILURE_001\": -8.98170902253055, \"ORB_CONTINUATION_001\": 2.76124214262284, \"ORB_RETEST_CONTINUATION_001\": -6.518726068633466}",
  "rejected_by_reason_json": "{\"existing_position\": 163, \"lower_priority_conflict\": 31, \"wrong_time_window\": 2}",
  "candidate_signals": 0,
  "rejected_signals": 196,
  "selected_signals": 0,
  "selection_rate": 0.6245210727969349,
  "combiner_score": -0.7822169398253893,
  "low_trade_count": false,
  "wrong_time_window_rejections": 2,
  "existing_position_rejections": 163,
  "daily_loss_limit_rejections": 0,
  "max_trades_rejections": 0,
  "max_trades_reached_rejections": 0,
  "cooldown_rejections": 0,
  "cooldown_after_loss_rejections": 0,
  "no_new_after_rejections": 0,
  "risk_too_small_rejections": 0,
  "lower_priority_rejections": 31,
  "last_bar_no_entry_rejections": 0,
  "session_boundary_no_entry_rejections": 0,
  "disabled_candidate_rejections": 0,
  "opposite_direction_conflict_rejections": 0,
  "invalid_stop_side_rejections": 0,
  "invalid_target_side_rejections": 0,
  "invalid_target_r_rejections": 0,
  "invalid_price_nan_rejections": 0,
  "trades_by_daily_trade_number_json": "{\"1\": 231, \"2\": 95}",
  "r_by_daily_trade_number_json": "{\"1\": -6.905058115263211, \"2\": -18.159200124872203}",
  "pnl_by_daily_trade_number_json": "{\"1\": -5.308749999997929, \"2\": -7.432499999998754}",
  "profit_factor_r_by_daily_trade_number_json": "{\"1\": 0.9515434503582217, \"2\": 0.7076213879639713}",
  "avg_r_by_daily_trade_number_json": "{\"1\": -0.02989202647300091, \"2\": -0.19114947499865478}",
  "win_rate_by_daily_trade_number_json": "{\"1\": 0.3939393939393939, \"2\": 0.35789473684210527}"
}