group,trades,total_r,avg_r,win_rate,max_loss_r,profit_factor_r,avg_bars_held,exit_reason_unique
>1.50,24,-19.012922365586668,-0.7922050985661112,0.125,-1.0212765957446603,0.08063729004727596,20.416666666666668,2
0.50-1.00,6,-6.036375661375629,-1.0060626102292716,0.0,-1.006172839506167,0.0,14.5,1
0.25-0.50,1,-1.0050251256281362,-1.0050251256281362,0.0,-1.0050251256281362,0.0,22.0,1
<0.25,1,-1.0036231884057938,-1.0036231884057938,0.0,-1.0036231884057938,0.0,38.0,1
1.00-1.50,1,-0.6074766355140753,-0.6074766355140753,0.0,-0.6074766355140753,0.0,45.0,1
unknown,2,2.73802395209587,1.369011976047935,1.0,1.2440119760479265,,19.5,1
