{
  "trades": 73,
  "win_rate": 0.5068493150684932,
  "total_net_pnl": 39.0300000000006,
  "avg_net_pnl": 0.5346575342465836,
  "total_r": 12.435393662445696,
  "avg_r": 0.17034785838966707,
  "profit_factor": 1.6074708171206404,
  "max_drawdown_pnl": -19.605000000000018,
  "max_drawdown_r": -7.725286775578275,
  "avg_bars_held": 42.45205479452055,
  "stop_count": 33,
  "target_count": 19,
  "eod_count": 0,
  "end_of_data_count": 0,
  "max_hold_count": 21,
  "profit_factor_r": 1.3697704827006987,
  "median_r": 0.020100502512573004,
  "p25_r": -1.0053475935828828,
  "p75_r": 1.7261904761904279,
  "worst_trade_r": -1.027027027027002,
  "best_trade_r": 1.7481617647058814,
  "std_r": 1.1768205804342815,
  "active_days": 73,
  "positive_day_rate": 0.5068493150684932,
  "avg_daily_r": 0.17034785838966707,
  "median_daily_r": 0.020100502512573004,
  "worst_day_r": -1.027027027027002,
  "best_day_r": 1.7481617647058814,
  "daily_profit_factor_r": 1.3697704827006987,
  "avg_daily_trade_count": 1.0,
  "max_daily_trade_count": 1,
  "estimated_round_trip_cost_per_share": 0.02,
  "avg_risk_per_share": 2.180136986301355,
  "median_risk_per_share": 1.9599999999999227,
  "p10_risk_per_share": 0.6679999999999608,
  "p25_risk_per_share": 1.4600000000000364,
  "avg_cost_r": 0.013766260949578056,
  "median_cost_r": 0.010204081632653465,
  "p90_cost_r": 0.029956709956711677,
  "pct_trades_cost_r_gt_0_25": 0.0,
  "pct_trades_cost_r_gt_0_50": 0.0,
  "pct_trades_cost_r_gt_1_00": 0.0,
  "end_of_session_count": 0,
  "trades_by_strategy_json": "{\"gap_acceptance_failure\": 73}",
  "pnl_by_strategy_json": "{\"gap_acceptance_failure\": 39.0300000000006}",
  "r_by_strategy_json": "{\"gap_acceptance_failure\": 12.435393662445696}",
  "trades_by_family_json": "{\"gap_behavior\": 73}",
  "pnl_by_family_json": "{\"gap_behavior\": 39.0300000000006}",
  "r_by_family_json": "{\"gap_behavior\": 12.435393662445696}",
  "trades_by_candidate_json": "{\"GAP_ACCEPTANCE_FAILURE_001\": 73}",
  "pnl_by_candidate_json": "{\"GAP_ACCEPTANCE_FAILURE_001\": 39.0300000000006}",
  "r_by_candidate_json": "{\"GAP_ACCEPTANCE_FAILURE_001\": 12.435393662445696}",
  "rejected_by_reason_json": "{}",
  "candidate_signals": 0,
  "rejected_signals": 0,
  "selected_signals": 0,
  "selection_rate": 1.0,
  "combiner_score": 1.0997910639954571,
  "low_trade_count": false,
  "wrong_time_window_rejections": 0,
  "existing_position_rejections": 0,
  "daily_loss_limit_rejections": 0,
  "max_trades_rejections": 0,
  "max_trades_reached_rejections": 0,
  "cooldown_rejections": 0,
  "cooldown_after_loss_rejections": 0,
  "no_new_after_rejections": 0,
  "risk_too_small_rejections": 0,
  "lower_priority_rejections": 0,
  "last_bar_no_entry_rejections": 0,
  "session_boundary_no_entry_rejections": 0,
  "disabled_candidate_rejections": 0,
  "opposite_direction_conflict_rejections": 0,
  "invalid_stop_side_rejections": 0,
  "invalid_target_side_rejections": 0,
  "invalid_target_r_rejections": 0,
  "invalid_price_nan_rejections": 0,
  "trades_by_daily_trade_number_json": "{\"1\": 73}",
  "r_by_daily_trade_number_json": "{\"1\": 12.435393662445696}",
  "pnl_by_daily_trade_number_json": "{\"1\": 39.0300000000006}",
  "profit_factor_r_by_daily_trade_number_json": "{\"1\": 1.3697704827006987}",
  "avg_r_by_daily_trade_number_json": "{\"1\": 0.17034785838966707}",
  "win_rate_by_daily_trade_number_json": "{\"1\": 0.5068493150684932}"
}