{
  "trades": 262,
  "win_rate": 0.4541984732824427,
  "total_net_pnl": 69.62500000000273,
  "avg_net_pnl": 0.26574427480917073,
  "total_r": 51.82921794142066,
  "avg_r": 0.19782144252450634,
  "profit_factor": 1.4463713296576746,
  "max_drawdown_pnl": -23.26249999999925,
  "max_drawdown_r": -14.236312905543507,
  "avg_bars_held": 20.751908396946565,
  "stop_count": 139,
  "target_count": 92,
  "eod_count": 0,
  "end_of_data_count": 0,
  "max_hold_count": 31,
  "profit_factor_r": 1.3630065744357829,
  "median_r": -1.0038235337040082,
  "p25_r": -1.012461419753076,
  "p75_r": 1.9754573170731913,
  "worst_trade_r": -1.090909090908997,
  "best_trade_r": 1.998161764705884,
  "std_r": 1.3689573970099689,
  "active_days": 262,
  "positive_day_rate": 0.4541984732824427,
  "avg_daily_r": 0.19782144252450634,
  "median_daily_r": -1.0038235337040082,
  "worst_day_r": -1.090909090908997,
  "best_day_r": 1.998161764705884,
  "daily_profit_factor_r": 1.3630065744357829,
  "avg_daily_trade_count": 1.0,
  "max_daily_trade_count": 1,
  "estimated_round_trip_cost_per_share": 0.02,
  "avg_risk_per_share": 1.2223282442747998,
  "median_risk_per_share": 0.924999999999983,
  "p10_risk_per_share": 0.37999999999999545,
  "p25_risk_per_share": 0.5399999999999636,
  "avg_cost_r": 0.02798958487517475,
  "median_cost_r": 0.02162225338943472,
  "p90_cost_r": 0.05263157894736905,
  "pct_trades_cost_r_gt_0_25": 0.0,
  "pct_trades_cost_r_gt_0_50": 0.0,
  "pct_trades_cost_r_gt_1_00": 0.0,
  "end_of_session_count": 0,
  "trades_by_strategy_json": "{\"failed_orb\": 205, \"gap_acceptance_failure\": 47, \"prior_day_level_trap\": 10}",
  "pnl_by_strategy_json": "{\"failed_orb\": 59.64000000000243, \"gap_acceptance_failure\": 3.5575000000002888, \"prior_day_level_trap\": 6.427500000000009}",
  "r_by_strategy_json": "{\"failed_orb\": 45.495231657582906, \"gap_acceptance_failure\": 1.8966544587237353, \"prior_day_level_trap\": 4.437331825114018}",
  "trades_by_family_json": "{\"gap_behavior\": 47, \"key_level_trap\": 10, \"opening_reversal\": 205}",
  "pnl_by_family_json": "{\"gap_behavior\": 3.5575000000002888, \"key_level_trap\": 6.427500000000009, \"opening_reversal\": 59.64000000000243}",
  "r_by_family_json": "{\"gap_behavior\": 1.8966544587237353, \"key_level_trap\": 4.437331825114018, \"opening_reversal\": 45.495231657582906}",
  "trades_by_candidate_json": "{\"FAILED_ORB_001\": 205, \"GAP_ACCEPTANCE_FAILURE_001\": 47, \"PRIOR_DAY_LEVEL_TRAP_001\": 10}",
  "pnl_by_candidate_json": "{\"FAILED_ORB_001\": 59.64000000000243, \"GAP_ACCEPTANCE_FAILURE_001\": 3.5575000000002888, \"PRIOR_DAY_LEVEL_TRAP_001\": 6.427500000000009}",
  "r_by_candidate_json": "{\"FAILED_ORB_001\": 45.495231657582906, \"GAP_ACCEPTANCE_FAILURE_001\": 1.8966544587237353, \"PRIOR_DAY_LEVEL_TRAP_001\": 4.437331825114018}",
  "rejected_by_reason_json": "{\"existing_position\": 39, \"lower_priority_conflict\": 8}",
  "candidate_signals": 0,
  "rejected_signals": 47,
  "selected_signals": 0,
  "selection_rate": 0.8478964401294499,
  "combiner_score": 1.1559683032157326,
  "low_trade_count": false,
  "wrong_time_window_rejections": 0,
  "existing_position_rejections": 39,
  "daily_loss_limit_rejections": 0,
  "max_trades_rejections": 0,
  "max_trades_reached_rejections": 0,
  "cooldown_rejections": 0,
  "cooldown_after_loss_rejections": 0,
  "no_new_after_rejections": 0,
  "risk_too_small_rejections": 0,
  "lower_priority_rejections": 8,
  "last_bar_no_entry_rejections": 0,
  "session_boundary_no_entry_rejections": 0,
  "disabled_candidate_rejections": 0,
  "opposite_direction_conflict_rejections": 0,
  "invalid_stop_side_rejections": 0,
  "invalid_target_side_rejections": 0,
  "invalid_target_r_rejections": 0,
  "invalid_price_nan_rejections": 0,
  "trades_by_daily_trade_number_json": "{\"1\": 262}",
  "r_by_daily_trade_number_json": "{\"1\": 51.82921794142066}",
  "pnl_by_daily_trade_number_json": "{\"1\": 69.62500000000273}",
  "profit_factor_r_by_daily_trade_number_json": "{\"1\": 1.3630065744357829}",
  "avg_r_by_daily_trade_number_json": "{\"1\": 0.19782144252450634}",
  "win_rate_by_daily_trade_number_json": "{\"1\": 0.4541984732824427}"
}