system_id,total_trades,stitched_total_r,mean_fold_pf,mean_fold_pf_r,positive_fold_count,worst_fold_r,fold_concentration,cost_0_02_survives,cost_0_03_survives
recent_failed_only,558,32.00074819442755,1.1138419485833124,1.0715683137617198,1,-11.574859312331803,0.7277021461366903,True,False
recent_gap_only,164,15.383375060418084,1.3174418322304497,1.1613261394684553,2,-0.8885718596996104,0.7246513827467218,True,True
recent_prior_day_only,184,9.114162115026735,1.0836167660352383,1.1196553168462466,2,-7.62835401595382,0.5724882405224052,True,True
fullhist_failed_only,399,22.547871638347097,1.1394484931973727,1.114065064356515,2,-7.838663785783391,0.4998665641476295,True,True
fullhist_gap_only,218,21.30800826625901,1.45273535589633,1.2324869000078043,3,1.306923882982659,0.5731119481535784,True,True
