daily_trade_number,trades,total_r
1,306,31.70791435521695
2,122,28.502655668384584
