daily_trade_number,trades,total_r
1,158,18.400223226186526
2,9,-1.6654956283327174
