{
  "trades": 167,
  "win_rate": 0.49700598802395207,
  "total_net_pnl": 17.277500000002306,
  "avg_net_pnl": 0.10345808383234914,
  "total_r": 16.734727597853805,
  "avg_r": 0.10020794968774734,
  "profit_factor": 1.2642223581587824,
  "max_drawdown_pnl": -7.562499999999375,
  "max_drawdown_r": -6.948870706146659,
  "avg_bars_held": 20.87425149700599,
  "stop_count": 75,
  "target_count": 61,
  "eod_count": 0,
  "end_of_data_count": 0,
  "max_hold_count": 31,
  "profit_factor_r": 1.2112693531953271,
  "median_r": -0.053763440860226885,
  "p25_r": -1.0119764773379125,
  "p75_r": 1.2420739348370895,
  "worst_trade_r": -1.0399999999999636,
  "best_trade_r": 1.490291262135931,
  "std_r": 1.0985876235705816,
  "active_days": 158,
  "positive_day_rate": 0.5126582278481012,
  "avg_daily_r": 0.1059159974547709,
  "median_daily_r": 0.10222222222220506,
  "worst_day_r": -2.033934823592753,
  "best_day_r": 1.490291262135931,
  "daily_profit_factor_r": 1.2196149594847643,
  "avg_daily_trade_count": 1.0569620253164558,
  "max_daily_trade_count": 2,
  "estimated_round_trip_cost_per_share": 0.02,
  "avg_risk_per_share": 0.8779640718562769,
  "median_risk_per_share": 0.8199999999999932,
  "p10_risk_per_share": 0.4399999999999977,
  "p25_risk_per_share": 0.585000000000008,
  "avg_cost_r": 0.027968790028504664,
  "median_cost_r": 0.024390243902439226,
  "p90_cost_r": 0.04545454545454569,
  "pct_trades_cost_r_gt_0_25": 0.0,
  "pct_trades_cost_r_gt_0_50": 0.0,
  "pct_trades_cost_r_gt_1_00": 0.0,
  "end_of_session_count": 0,
  "trades_by_strategy_json": "{\"failed_orb\": 110, \"gap_acceptance_failure\": 57}",
  "pnl_by_strategy_json": "{\"failed_orb\": 3.395000000001744, \"gap_acceptance_failure\": 13.882500000000562}",
  "r_by_strategy_json": "{\"failed_orb\": 8.221144183170534, \"gap_acceptance_failure\": 8.513583414683273}",
  "trades_by_family_json": "{\"gap_behavior\": 57, \"opening_reversal\": 110}",
  "pnl_by_family_json": "{\"gap_behavior\": 13.882500000000562, \"opening_reversal\": 3.395000000001744}",
  "r_by_family_json": "{\"gap_behavior\": 8.513583414683273, \"opening_reversal\": 8.221144183170534}",
  "trades_by_candidate_json": "{\"FAILED_ORB_001\": 110, \"GAP_ACCEPTANCE_FAILURE_001\": 57}",
  "pnl_by_candidate_json": "{\"FAILED_ORB_001\": 3.395000000001744, \"GAP_ACCEPTANCE_FAILURE_001\": 13.882500000000562}",
  "r_by_candidate_json": "{\"FAILED_ORB_001\": 8.221144183170534, \"GAP_ACCEPTANCE_FAILURE_001\": 8.513583414683273}",
  "rejected_by_reason_json": "{\"existing_position\": 16, \"lower_priority_conflict\": 7, \"wrong_time_window\": 9}",
  "candidate_signals": 0,
  "rejected_signals": 32,
  "selected_signals": 0,
  "selection_rate": 0.8391959798994975,
  "combiner_score": 0.6659028994451838,
  "low_trade_count": false,
  "wrong_time_window_rejections": 9,
  "existing_position_rejections": 16,
  "daily_loss_limit_rejections": 0,
  "max_trades_rejections": 0,
  "max_trades_reached_rejections": 0,
  "cooldown_rejections": 0,
  "cooldown_after_loss_rejections": 0,
  "no_new_after_rejections": 0,
  "risk_too_small_rejections": 0,
  "lower_priority_rejections": 7,
  "last_bar_no_entry_rejections": 0,
  "session_boundary_no_entry_rejections": 0,
  "disabled_candidate_rejections": 0,
  "opposite_direction_conflict_rejections": 0,
  "invalid_stop_side_rejections": 0,
  "invalid_target_side_rejections": 0,
  "invalid_target_r_rejections": 0,
  "invalid_price_nan_rejections": 0,
  "trades_by_daily_trade_number_json": "{\"1\": 158, \"2\": 9}",
  "r_by_daily_trade_number_json": "{\"1\": 18.40022322618652, \"2\": -1.6654956283327176}",
  "pnl_by_daily_trade_number_json": "{\"1\": 19.647500000002196, \"2\": -2.369999999999891}",
  "profit_factor_r_by_daily_trade_number_json": "{\"1\": 1.2481147393820808, \"2\": 0.6702152832164152}",
  "avg_r_by_daily_trade_number_json": "{\"1\": 0.11645710902649696, \"2\": -0.1850550698147464}",
  "win_rate_by_daily_trade_number_json": "{\"1\": 0.5, \"2\": 0.4444444444444444}"
}