{
  "trades": 115,
  "win_rate": 0.43478260869565216,
  "total_net_pnl": 0.66500000000201,
  "avg_net_pnl": 0.005782608695669652,
  "total_r": -7.838663785783391,
  "avg_r": -0.06816229378942079,
  "profit_factor": 1.0127419045794601,
  "max_drawdown_pnl": -14.089999999998895,
  "max_drawdown_r": -21.01685936784122,
  "avg_bars_held": 16.504347826086956,
  "stop_count": 61,
  "target_count": 27,
  "eod_count": 0,
  "end_of_data_count": 0,
  "max_hold_count": 27,
  "profit_factor_r": 0.8756981358421606,
  "median_r": -1.006849315068487,
  "p25_r": -1.0137990102778707,
  "p75_r": 1.1476034858388027,
  "worst_trade_r": -1.0312499999999667,
  "best_trade_r": 1.494736842105283,
  "std_r": 1.0827416089098607,
  "active_days": 115,
  "positive_day_rate": 0.43478260869565216,
  "avg_daily_r": -0.06816229378942079,
  "median_daily_r": -1.006849315068487,
  "worst_day_r": -1.0312499999999667,
  "best_day_r": 1.494736842105283,
  "daily_profit_factor_r": 0.8756981358421606,
  "avg_daily_trade_count": 1.0,
  "max_daily_trade_count": 1,
  "estimated_round_trip_cost_per_share": 0.02,
  "avg_risk_per_share": 0.9225217391304291,
  "median_risk_per_share": 0.8000000000000114,
  "p10_risk_per_share": 0.49399999999998273,
  "p25_risk_per_share": 0.6000000000000227,
  "avg_cost_r": 0.026262058388418573,
  "median_cost_r": 0.024999999999999644,
  "p90_cost_r": 0.040489795918368716,
  "pct_trades_cost_r_gt_0_25": 0.0,
  "pct_trades_cost_r_gt_0_50": 0.0,
  "pct_trades_cost_r_gt_1_00": 0.0,
  "end_of_session_count": 0,
  "trades_by_strategy_json": "{\"failed_orb\": 115}",
  "pnl_by_strategy_json": "{\"failed_orb\": 0.66500000000201}",
  "r_by_strategy_json": "{\"failed_orb\": -7.838663785783393}",
  "trades_by_family_json": "{\"opening_reversal\": 115}",
  "pnl_by_family_json": "{\"opening_reversal\": 0.66500000000201}",
  "r_by_family_json": "{\"opening_reversal\": -7.838663785783393}",
  "trades_by_candidate_json": "{\"FAILED_ORB_001\": 115}",
  "pnl_by_candidate_json": "{\"FAILED_ORB_001\": 0.66500000000201}",
  "r_by_candidate_json": "{\"FAILED_ORB_001\": -7.838663785783393}",
  "rejected_by_reason_json": "{\"wrong_time_window\": 12}",
  "candidate_signals": 0,
  "rejected_signals": 12,
  "selected_signals": 0,
  "selection_rate": 0.905511811023622,
  "combiner_score": -0.29184818106861427,
  "low_trade_count": false,
  "wrong_time_window_rejections": 12,
  "existing_position_rejections": 0,
  "daily_loss_limit_rejections": 0,
  "max_trades_rejections": 0,
  "max_trades_reached_rejections": 0,
  "cooldown_rejections": 0,
  "cooldown_after_loss_rejections": 0,
  "no_new_after_rejections": 0,
  "risk_too_small_rejections": 0,
  "lower_priority_rejections": 0,
  "last_bar_no_entry_rejections": 0,
  "session_boundary_no_entry_rejections": 0,
  "disabled_candidate_rejections": 0,
  "opposite_direction_conflict_rejections": 0,
  "invalid_stop_side_rejections": 0,
  "invalid_target_side_rejections": 0,
  "invalid_target_r_rejections": 0,
  "invalid_price_nan_rejections": 0,
  "trades_by_daily_trade_number_json": "{\"1\": 115}",
  "r_by_daily_trade_number_json": "{\"1\": -7.838663785783391}",
  "pnl_by_daily_trade_number_json": "{\"1\": 0.66500000000201}",
  "profit_factor_r_by_daily_trade_number_json": "{\"1\": 0.8756981358421606}",
  "avg_r_by_daily_trade_number_json": "{\"1\": -0.06816229378942079}",
  "win_rate_by_daily_trade_number_json": "{\"1\": 0.43478260869565216}"
}