daily_trade_number,trades,total_r
1,177,-14.26209861964843
2,19,-0.273978617005612
