{
  "trades": 196,
  "win_rate": 0.34183673469387754,
  "total_net_pnl": -10.117499999998074,
  "avg_net_pnl": -0.05161989795917385,
  "total_r": -14.536077236654041,
  "avg_r": -0.07416365937068388,
  "profit_factor": 0.8951119635082078,
  "max_drawdown_pnl": -16.0999999999986,
  "max_drawdown_r": -21.80463946359491,
  "avg_bars_held": 17.0,
  "stop_count": 129,
  "target_count": 54,
  "eod_count": 0,
  "end_of_data_count": 0,
  "max_hold_count": 13,
  "profit_factor_r": 0.8893477111185013,
  "median_r": -1.0104714912280603,
  "p25_r": -1.0188679245282841,
  "p75_r": 1.7391156462584858,
  "worst_trade_r": -1.0526315789473213,
  "best_trade_r": 1.9916666666666742,
  "std_r": 1.3340530186523591,
  "active_days": 177,
  "positive_day_rate": 0.3672316384180791,
  "avg_daily_r": -0.08212473015058781,
  "median_daily_r": -1.0105263157894642,
  "worst_day_r": -2.0532945736433614,
  "best_day_r": 3.67872340425535,
  "daily_profit_factor_r": 0.883102358865837,
  "avg_daily_trade_count": 1.1073446327683616,
  "max_daily_trade_count": 2,
  "estimated_round_trip_cost_per_share": 0.02,
  "avg_risk_per_share": 0.7613775510204018,
  "median_risk_per_share": 0.6349999999999909,
  "p10_risk_per_share": 0.28999999999999204,
  "p25_risk_per_share": 0.410000000000025,
  "avg_cost_r": 0.03759050547976362,
  "median_cost_r": 0.031498015873016316,
  "p90_cost_r": 0.06896551724138121,
  "pct_trades_cost_r_gt_0_25": 0.0,
  "pct_trades_cost_r_gt_0_50": 0.0,
  "pct_trades_cost_r_gt_1_00": 0.0,
  "end_of_session_count": 0,
  "trades_by_strategy_json": "{\"failed_orb\": 158, \"gap_acceptance_failure\": 38}",
  "pnl_by_strategy_json": "{\"failed_orb\": -14.529999999998665, \"gap_acceptance_failure\": 4.412500000000591}",
  "r_by_strategy_json": "{\"failed_orb\": -13.512520242088373, \"gap_acceptance_failure\": -1.02355699456567}",
  "trades_by_family_json": "{\"gap_behavior\": 38, \"opening_reversal\": 158}",
  "pnl_by_family_json": "{\"gap_behavior\": 4.412500000000591, \"opening_reversal\": -14.529999999998665}",
  "r_by_family_json": "{\"gap_behavior\": -1.02355699456567, \"opening_reversal\": -13.512520242088373}",
  "trades_by_candidate_json": "{\"FAILED_ORB_001\": 158, \"GAP_ACCEPTANCE_FAILURE_001\": 38}",
  "pnl_by_candidate_json": "{\"FAILED_ORB_001\": -14.529999999998665, \"GAP_ACCEPTANCE_FAILURE_001\": 4.412500000000591}",
  "r_by_candidate_json": "{\"FAILED_ORB_001\": -13.512520242088373, \"GAP_ACCEPTANCE_FAILURE_001\": -1.02355699456567}",
  "rejected_by_reason_json": "{\"existing_position\": 9}",
  "candidate_signals": 0,
  "rejected_signals": 9,
  "selected_signals": 0,
  "selection_rate": 0.9560975609756097,
  "combiner_score": -0.2540683789494502,
  "low_trade_count": false,
  "wrong_time_window_rejections": 0,
  "existing_position_rejections": 9,
  "daily_loss_limit_rejections": 0,
  "max_trades_rejections": 0,
  "max_trades_reached_rejections": 0,
  "cooldown_rejections": 0,
  "cooldown_after_loss_rejections": 0,
  "no_new_after_rejections": 0,
  "risk_too_small_rejections": 0,
  "lower_priority_rejections": 0,
  "last_bar_no_entry_rejections": 0,
  "session_boundary_no_entry_rejections": 0,
  "disabled_candidate_rejections": 0,
  "opposite_direction_conflict_rejections": 0,
  "invalid_stop_side_rejections": 0,
  "invalid_target_side_rejections": 0,
  "invalid_target_r_rejections": 0,
  "invalid_price_nan_rejections": 0,
  "trades_by_daily_trade_number_json": "{\"1\": 177, \"2\": 19}",
  "r_by_daily_trade_number_json": "{\"1\": -14.26209861964843, \"2\": -0.273978617005612}",
  "pnl_by_daily_trade_number_json": "{\"1\": -8.069999999998458, \"2\": -2.0474999999996157}",
  "profit_factor_r_by_daily_trade_number_json": "{\"1\": 0.8803591455259987, \"2\": 0.9774680612442155}",
  "avg_r_by_daily_trade_number_json": "{\"1\": -0.08057682835959565, \"2\": -0.014419927210821684}",
  "win_rate_by_daily_trade_number_json": "{\"1\": 0.3389830508474576, \"2\": 0.3684210526315789}"
}