profile_id,rows,sum_signed_r_diff,mean_abs_r_diff
primary_mtp2_meta,458,44.99880944323197,0.7869854245168209
pa_gap_mtp2_meta,18,7.4043297638276915,0.6142224669431071
