profile_id,window,pa_total_r,gap_total_r,cci_total_r,gap_share_of_pa_gap
pa_gap_mtp2_meta,early_oow,40.69966533493291,20.25383388630499,0.0,0.3322833659277102
pa_gap_mtp2_meta,insample_ref,32.270498860577966,20.00108438327635,0.0,0.3826378146988291
pa_gap_mtp2_meta,late_oow,17.460197679921844,1.306923882982661,0.0,0.06963901622324196
pa_gap_mtp2_meta,full_available,90.43036187543272,41.561842152564,0.0,0.31488103754785673
primary_mtp2_meta,early_oow,23.82203150858355,20.25383388630499,17.25336572564021,0.45952209230255564
primary_mtp2_meta,insample_ref,28.547383776722945,20.00108438327635,14.14739904508088,0.4119817811214878
primary_mtp2_meta,late_oow,8.011002701488085,1.306923882982661,2.5450772437567943,0.1402590878061628
primary_mtp2_meta,full_available,60.38041798679458,41.561842152564,33.94584201447789,0.4076998302347577
pa_gap_mtp1_meta,early_oow,33.750896924909114,20.25383388630499,0.0,0.3750381416973802
pa_gap_mtp1_meta,insample_ref,25.28083708558665,20.00108438327635,0.0,0.4417013177550251
pa_gap_mtp1_meta,late_oow,16.810483182819674,1.306923882982661,0.0,0.07213636467050277
pa_gap_mtp1_meta,full_available,75.84221719331543,41.561842152564,0.0,0.3540068578899841
