system,scenario,trades,total_r,avg_r,pf_r
indicator_completion_mtp1,published,502,43.545646696105045,0.0867443161276993,1.1813361838854857
indicator_completion_mtp1,symmetric_stress,502,13.40308618594813,0.026699374872406634,1.0525768064753005
indicator_completion_mtp1,target_limit_stress,502,20.725622798505952,0.041286101192242936,1.081301205098536
indicator_completion_mtp1,target_limit_baseline_recover,502,50.868183308662864,0.10133104244753559,1.211829262905524
indicator_completion_mtp1,stop_only_stress,502,35.79690305358441,0.07130857181988925,1.1446159579921107
