system,scenario,trades,total_r,avg_r,pf_r
vwap_lower_turnover,published,294,36.70651309752729,0.1248520853657391,1.2425188770414073
vwap_lower_turnover,symmetric_stress,294,12.897786812974177,0.04387002317338155,1.0791729772821677
vwap_lower_turnover,target_limit_stress,294,18.915851139791272,0.0643396297271812,1.1161148245261014
vwap_lower_turnover,target_limit_baseline_recover,294,42.724577424344375,0.1453216919195387,1.2822800550815234
vwap_lower_turnover,stop_only_stress,294,30.820214282067816,0.10483066082335991,1.1961436179367821
