{
  "trades": 233,
  "win_rate": 0.43776824034334766,
  "total_net_pnl": 58.91000000000287,
  "avg_net_pnl": 0.2528326180257634,
  "total_r": 51.13481259216039,
  "avg_r": 0.2194627149878128,
  "profit_factor": 1.4808194580477,
  "max_drawdown_pnl": -19.289999999998827,
  "max_drawdown_r": -14.651132888159786,
  "avg_bars_held": 15.914163090128755,
  "stop_count": 127,
  "target_count": 86,
  "eod_count": 0,
  "end_of_data_count": 0,
  "max_hold_count": 20,
  "profit_factor_r": 1.3900019882120433,
  "median_r": -1.0051282051282004,
  "p25_r": -1.0136986301369735,
  "p75_r": 1.9827586206896721,
  "worst_trade_r": -1.090909090908997,
  "best_trade_r": 1.998161764705884,
  "std_r": 1.4210881765493748,
  "active_days": 233,
  "positive_day_rate": 0.43776824034334766,
  "avg_daily_r": 0.2194627149878128,
  "median_daily_r": -1.0051282051282004,
  "worst_day_r": -1.090909090908997,
  "best_day_r": 1.998161764705884,
  "daily_profit_factor_r": 1.3900019882120433,
  "avg_daily_trade_count": 1.0,
  "max_daily_trade_count": 1,
  "estimated_round_trip_cost_per_share": 0.02,
  "avg_risk_per_share": 1.0001716738197333,
  "median_risk_per_share": 0.8100000000000591,
  "p10_risk_per_share": 0.3699999999999136,
  "p25_risk_per_share": 0.5099999999999909,
  "avg_cost_r": 0.030785294174464642,
  "median_cost_r": 0.024691358024689556,
  "p90_cost_r": 0.05405405405406668,
  "pct_trades_cost_r_gt_0_25": 0.0,
  "pct_trades_cost_r_gt_0_50": 0.0,
  "pct_trades_cost_r_gt_1_00": 0.0,
  "end_of_session_count": 0,
  "trades_by_strategy_json": "{\"failed_orb\": 233}",
  "pnl_by_strategy_json": "{\"failed_orb\": 58.91000000000287}",
  "r_by_strategy_json": "{\"failed_orb\": 51.13481259216039}",
  "trades_by_family_json": "{\"opening_reversal\": 233}",
  "pnl_by_family_json": "{\"opening_reversal\": 58.91000000000287}",
  "r_by_family_json": "{\"opening_reversal\": 51.13481259216039}",
  "trades_by_candidate_json": "{\"FAILED_ORB_001\": 233}",
  "pnl_by_candidate_json": "{\"FAILED_ORB_001\": 58.91000000000287}",
  "r_by_candidate_json": "{\"FAILED_ORB_001\": 51.13481259216039}",
  "rejected_by_reason_json": "{}",
  "candidate_signals": 0,
  "rejected_signals": 0,
  "selected_signals": 0,
  "selection_rate": 1.0,
  "combiner_score": 1.392393497195184,
  "low_trade_count": false,
  "wrong_time_window_rejections": 0,
  "existing_position_rejections": 0,
  "daily_loss_limit_rejections": 0,
  "max_trades_rejections": 0,
  "max_trades_reached_rejections": 0,
  "cooldown_rejections": 0,
  "cooldown_after_loss_rejections": 0,
  "no_new_after_rejections": 0,
  "risk_too_small_rejections": 0,
  "lower_priority_rejections": 0,
  "last_bar_no_entry_rejections": 0,
  "session_boundary_no_entry_rejections": 0,
  "disabled_candidate_rejections": 0,
  "opposite_direction_conflict_rejections": 0,
  "invalid_stop_side_rejections": 0,
  "invalid_target_side_rejections": 0,
  "invalid_target_r_rejections": 0,
  "invalid_price_nan_rejections": 0,
  "trades_by_daily_trade_number_json": "{\"1\": 233}",
  "r_by_daily_trade_number_json": "{\"1\": 51.13481259216039}",
  "pnl_by_daily_trade_number_json": "{\"1\": 58.91000000000287}",
  "profit_factor_r_by_daily_trade_number_json": "{\"1\": 1.3900019882120433}",
  "avg_r_by_daily_trade_number_json": "{\"1\": 0.2194627149878128}",
  "win_rate_by_daily_trade_number_json": "{\"1\": 0.43776824034334766}"
}