daily_trade_number,trades,total_r
1,262,51.82921794142066
2,61,17.22805954075683
