{
  "trades": 323,
  "win_rate": 0.47058823529411764,
  "total_net_pnl": 96.89000000000311,
  "avg_net_pnl": 0.29996904024768767,
  "total_r": 69.05727748217748,
  "avg_r": 0.213799620687856,
  "profit_factor": 1.5163060854737551,
  "max_drawdown_pnl": -24.439999999998918,
  "max_drawdown_r": -12.08248671106061,
  "avg_bars_held": 21.13003095975232,
  "stop_count": 164,
  "target_count": 121,
  "eod_count": 0,
  "end_of_data_count": 0,
  "max_hold_count": 38,
  "profit_factor_r": 1.4095357083574582,
  "median_r": -1.0030395136778087,
  "p25_r": -1.0114942528735527,
  "p75_r": 1.9705882352941422,
  "worst_trade_r": -1.090909090908997,
  "best_trade_r": 1.998161764705884,
  "std_r": 1.3348926568587194,
  "active_days": 262,
  "positive_day_rate": 0.5229007633587787,
  "avg_daily_r": 0.26357739497014304,
  "median_daily_r": 0.20664866567088414,
  "worst_day_r": -2.098208360981983,
  "best_day_r": 3.719654528478046,
  "daily_profit_factor_r": 1.4845993265333755,
  "avg_daily_trade_count": 1.2328244274809161,
  "max_daily_trade_count": 2,
  "estimated_round_trip_cost_per_share": 0.02,
  "avg_risk_per_share": 1.2657585139318794,
  "median_risk_per_share": 0.9500000000000455,
  "p10_risk_per_share": 0.3819999999999937,
  "p25_risk_per_share": 0.5500000000000114,
  "avg_cost_r": 0.02712333654817648,
  "median_cost_r": 0.021052631578946362,
  "p90_cost_r": 0.05236167341430587,
  "pct_trades_cost_r_gt_0_25": 0.0,
  "pct_trades_cost_r_gt_0_50": 0.0,
  "pct_trades_cost_r_gt_1_00": 0.0,
  "end_of_session_count": 0,
  "trades_by_strategy_json": "{\"failed_orb\": 222, \"gap_acceptance_failure\": 50, \"prior_day_level_trap\": 51}",
  "pnl_by_strategy_json": "{\"failed_orb\": 60.87000000000256, \"gap_acceptance_failure\": 7.1950000000002206, \"prior_day_level_trap\": 28.82500000000033}",
  "r_by_strategy_json": "{\"failed_orb\": 49.270461831867074, \"gap_acceptance_failure\": 3.0458169202507914, \"prior_day_level_trap\": 16.740998730059623}",
  "trades_by_family_json": "{\"gap_behavior\": 50, \"key_level_trap\": 51, \"opening_reversal\": 222}",
  "pnl_by_family_json": "{\"gap_behavior\": 7.1950000000002206, \"key_level_trap\": 28.82500000000033, \"opening_reversal\": 60.87000000000256}",
  "r_by_family_json": "{\"gap_behavior\": 3.0458169202507914, \"key_level_trap\": 16.740998730059623, \"opening_reversal\": 49.270461831867074}",
  "trades_by_candidate_json": "{\"FAILED_ORB_001\": 222, \"GAP_ACCEPTANCE_FAILURE_001\": 50, \"PRIOR_DAY_LEVEL_TRAP_001\": 51}",
  "pnl_by_candidate_json": "{\"FAILED_ORB_001\": 60.87000000000256, \"GAP_ACCEPTANCE_FAILURE_001\": 7.1950000000002206, \"PRIOR_DAY_LEVEL_TRAP_001\": 28.82500000000033}",
  "r_by_candidate_json": "{\"FAILED_ORB_001\": 49.270461831867074, \"GAP_ACCEPTANCE_FAILURE_001\": 3.0458169202507914, \"PRIOR_DAY_LEVEL_TRAP_001\": 16.740998730059623}",
  "rejected_by_reason_json": "{\"existing_position\": 39, \"lower_priority_conflict\": 9}",
  "candidate_signals": 0,
  "rejected_signals": 48,
  "selected_signals": 0,
  "selection_rate": 0.8706199460916442,
  "combiner_score": 1.408560615414847,
  "low_trade_count": false,
  "wrong_time_window_rejections": 0,
  "existing_position_rejections": 39,
  "daily_loss_limit_rejections": 0,
  "max_trades_rejections": 0,
  "max_trades_reached_rejections": 0,
  "cooldown_rejections": 0,
  "cooldown_after_loss_rejections": 0,
  "no_new_after_rejections": 0,
  "risk_too_small_rejections": 0,
  "lower_priority_rejections": 9,
  "last_bar_no_entry_rejections": 0,
  "session_boundary_no_entry_rejections": 0,
  "disabled_candidate_rejections": 0,
  "opposite_direction_conflict_rejections": 0,
  "invalid_stop_side_rejections": 0,
  "invalid_target_side_rejections": 0,
  "invalid_target_r_rejections": 0,
  "invalid_price_nan_rejections": 0,
  "trades_by_daily_trade_number_json": "{\"1\": 262, \"2\": 61}",
  "r_by_daily_trade_number_json": "{\"1\": 51.82921794142066, \"2\": 17.22805954075683}",
  "pnl_by_daily_trade_number_json": "{\"1\": 69.62500000000273, \"2\": 27.265000000000384}",
  "profit_factor_r_by_daily_trade_number_json": "{\"1\": 1.3630065744357829, \"2\": 1.6665733387742803}",
  "avg_r_by_daily_trade_number_json": "{\"1\": 0.19782144252450634, \"2\": 0.28242720558617757}",
  "win_rate_by_daily_trade_number_json": "{\"1\": 0.4541984732824427, \"2\": 0.5409836065573771}"
}