{
  "trades": 43,
  "win_rate": 0.3953488372093023,
  "total_net_pnl": 1.887500000000614,
  "avg_net_pnl": 0.043895348837223576,
  "total_r": -0.8885718596996104,
  "avg_r": -0.02066446185347931,
  "profit_factor": 1.0611237046632334,
  "max_drawdown_pnl": -7.710000000000036,
  "max_drawdown_r": -5.121258219420353,
  "avg_bars_held": 31.325581395348838,
  "stop_count": 26,
  "target_count": 11,
  "eod_count": 0,
  "end_of_data_count": 0,
  "max_hold_count": 6,
  "profit_factor_r": 0.9661998630261972,
  "median_r": -1.0073529411764641,
  "p25_r": -1.0113695090439174,
  "p75_r": 1.577695035461001,
  "worst_trade_r": -1.0217391304347638,
  "best_trade_r": 1.7435897435897585,
  "std_r": 1.2498955328430097,
  "active_days": 43,
  "positive_day_rate": 0.3953488372093023,
  "avg_daily_r": -0.02066446185347931,
  "median_daily_r": -1.0073529411764641,
  "worst_day_r": -1.0217391304347638,
  "best_day_r": 1.7435897435897585,
  "daily_profit_factor_r": 0.9661998630261972,
  "avg_daily_trade_count": 1.0,
  "max_daily_trade_count": 1,
  "estimated_round_trip_cost_per_share": 0.02,
  "avg_risk_per_share": 1.241860465116268,
  "median_risk_per_share": 0.9900000000000091,
  "p10_risk_per_share": 0.5620000000000005,
  "p25_risk_per_share": 0.8050000000000068,
  "avg_cost_r": 0.021544962366393493,
  "median_cost_r": 0.020202020202020016,
  "p90_cost_r": 0.03558897243107766,
  "pct_trades_cost_r_gt_0_25": 0.0,
  "pct_trades_cost_r_gt_0_50": 0.0,
  "pct_trades_cost_r_gt_1_00": 0.0,
  "end_of_session_count": 0,
  "trades_by_strategy_json": "{\"gap_acceptance_failure\": 43}",
  "pnl_by_strategy_json": "{\"gap_acceptance_failure\": 1.887500000000614}",
  "r_by_strategy_json": "{\"gap_acceptance_failure\": -0.8885718596996097}",
  "trades_by_family_json": "{\"gap_behavior\": 43}",
  "pnl_by_family_json": "{\"gap_behavior\": 1.887500000000614}",
  "r_by_family_json": "{\"gap_behavior\": -0.8885718596996097}",
  "trades_by_candidate_json": "{\"GAP_ACCEPTANCE_FAILURE_001\": 43}",
  "pnl_by_candidate_json": "{\"GAP_ACCEPTANCE_FAILURE_001\": 1.887500000000614}",
  "r_by_candidate_json": "{\"GAP_ACCEPTANCE_FAILURE_001\": -0.8885718596996097}",
  "rejected_by_reason_json": "{}",
  "candidate_signals": 0,
  "rejected_signals": 0,
  "selected_signals": 0,
  "selection_rate": 1.0,
  "combiner_score": -1.25716820121022,
  "low_trade_count": true,
  "wrong_time_window_rejections": 0,
  "existing_position_rejections": 0,
  "daily_loss_limit_rejections": 0,
  "max_trades_rejections": 0,
  "max_trades_reached_rejections": 0,
  "cooldown_rejections": 0,
  "cooldown_after_loss_rejections": 0,
  "no_new_after_rejections": 0,
  "risk_too_small_rejections": 0,
  "lower_priority_rejections": 0,
  "last_bar_no_entry_rejections": 0,
  "session_boundary_no_entry_rejections": 0,
  "disabled_candidate_rejections": 0,
  "opposite_direction_conflict_rejections": 0,
  "invalid_stop_side_rejections": 0,
  "invalid_target_side_rejections": 0,
  "invalid_target_r_rejections": 0,
  "invalid_price_nan_rejections": 0,
  "trades_by_daily_trade_number_json": "{\"1\": 43}",
  "r_by_daily_trade_number_json": "{\"1\": -0.8885718596996104}",
  "pnl_by_daily_trade_number_json": "{\"1\": 1.887500000000614}",
  "profit_factor_r_by_daily_trade_number_json": "{\"1\": 0.9661998630261972}",
  "avg_r_by_daily_trade_number_json": "{\"1\": -0.02066446185347931}",
  "win_rate_by_daily_trade_number_json": "{\"1\": 0.3953488372093023}"
}