system,scenario,trades,total_r,avg_r,pf_r
vwap_baseline_global_l2,published,337,42.20312730317043,0.12523183176014965,1.243567057478455
vwap_baseline_global_l2,symmetric_stress,337,14.597525960635933,0.043316100773400396,1.0782064132909137
vwap_baseline_global_l2,target_limit_stress,337,21.53376996632143,0.06389842719976685,1.1153674203586916
vwap_baseline_global_l2,target_limit_baseline_recover,337,49.13937130885593,0.1458141581865161,1.2835982269764195
vwap_baseline_global_l2,stop_only_stress,337,35.33657063758867,0.10485629269314146,1.1963552415586165
