daily_trade_number,trades,total_r
1,306,31.70791435521695
2,108,28.674786244145135
