{
  "trades": 414,
  "win_rate": 0.45410628019323673,
  "total_net_pnl": 81.74000000000456,
  "avg_net_pnl": 0.19743961352658104,
  "total_r": 60.38270059936208,
  "avg_r": 0.14585193381488426,
  "profit_factor": 1.3554144835533026,
  "max_drawdown_pnl": -18.042499999999563,
  "max_drawdown_r": -14.62077397962834,
  "avg_bars_held": 16.347826086956523,
  "stop_count": 222,
  "target_count": 168,
  "eod_count": 0,
  "end_of_data_count": 0,
  "max_hold_count": 24,
  "profit_factor_r": 1.2660930498982563,
  "median_r": -1.0046242836369816,
  "p25_r": -1.0122895622895507,
  "p75_r": 1.2434905258675855,
  "worst_trade_r": -1.090909090908997,
  "best_trade_r": 1.998161764705884,
  "std_r": 1.2984480686827182,
  "active_days": 306,
  "positive_day_rate": 0.565359477124183,
  "avg_daily_r": 0.1973290869260199,
  "median_daily_r": 0.2348998888179572,
  "worst_day_r": -2.114164904862467,
  "best_day_r": 3.719654528478046,
  "daily_profit_factor_r": 1.350631119786008,
  "avg_daily_trade_count": 1.3529411764705883,
  "max_daily_trade_count": 2,
  "estimated_round_trip_cost_per_share": 0.02,
  "avg_risk_per_share": 1.0735748792270434,
  "median_risk_per_share": 0.9225000000000136,
  "p10_risk_per_share": 0.4199999999999591,
  "p25_risk_per_share": 0.602499999999992,
  "avg_cost_r": 0.026496764711501197,
  "median_cost_r": 0.021680376028201803,
  "p90_cost_r": 0.04761904761905226,
  "pct_trades_cost_r_gt_0_25": 0.0,
  "pct_trades_cost_r_gt_0_50": 0.0,
  "pct_trades_cost_r_gt_1_00": 0.0,
  "end_of_session_count": 0,
  "trades_by_strategy_json": "{\"failed_orb\": 217, \"gap_acceptance_failure\": 23, \"orb_continuation\": 174}",
  "pnl_by_strategy_json": "{\"failed_orb\": 57.13000000000244, \"gap_acceptance_failure\": 4.102499999999907, \"orb_continuation\": 20.50750000000221}",
  "r_by_strategy_json": "{\"failed_orb\": 45.30951164618577, \"gap_acceptance_failure\": 1.057987090375481, \"orb_continuation\": 14.015201862800836}",
  "trades_by_family_json": "{\"gap_behavior\": 23, \"opening_momentum\": 174, \"opening_reversal\": 217}",
  "pnl_by_family_json": "{\"gap_behavior\": 4.102499999999907, \"opening_momentum\": 20.50750000000221, \"opening_reversal\": 57.13000000000244}",
  "r_by_family_json": "{\"gap_behavior\": 1.057987090375481, \"opening_momentum\": 14.015201862800836, \"opening_reversal\": 45.30951164618577}",
  "trades_by_candidate_json": "{\"FAILED_ORB_001\": 217, \"GAP_ACCEPTANCE_FAILURE_001\": 23, \"ORB_CONTINUATION_001\": 174}",
  "pnl_by_candidate_json": "{\"FAILED_ORB_001\": 57.13000000000244, \"GAP_ACCEPTANCE_FAILURE_001\": 4.102499999999907, \"ORB_CONTINUATION_001\": 20.50750000000221}",
  "r_by_candidate_json": "{\"FAILED_ORB_001\": 45.30951164618577, \"GAP_ACCEPTANCE_FAILURE_001\": 1.057987090375481, \"ORB_CONTINUATION_001\": 14.015201862800836}",
  "rejected_by_reason_json": "{\"existing_position\": 118, \"lower_priority_conflict\": 8, \"wrong_time_window\": 4}",
  "candidate_signals": 0,
  "rejected_signals": 130,
  "selected_signals": 0,
  "selection_rate": 0.7610294117647058,
  "combiner_score": 1.326183947067927,
  "low_trade_count": false,
  "wrong_time_window_rejections": 4,
  "existing_position_rejections": 118,
  "daily_loss_limit_rejections": 0,
  "max_trades_rejections": 0,
  "max_trades_reached_rejections": 0,
  "cooldown_rejections": 0,
  "cooldown_after_loss_rejections": 0,
  "no_new_after_rejections": 0,
  "risk_too_small_rejections": 0,
  "lower_priority_rejections": 8,
  "last_bar_no_entry_rejections": 0,
  "session_boundary_no_entry_rejections": 0,
  "disabled_candidate_rejections": 0,
  "opposite_direction_conflict_rejections": 0,
  "invalid_stop_side_rejections": 0,
  "invalid_target_side_rejections": 0,
  "invalid_target_r_rejections": 0,
  "invalid_price_nan_rejections": 0,
  "trades_by_daily_trade_number_json": "{\"1\": 306, \"2\": 108}",
  "r_by_daily_trade_number_json": "{\"1\": 31.707914355216946, \"2\": 28.67478624414514}",
  "pnl_by_daily_trade_number_json": "{\"1\": 60.960000000003845, \"2\": 20.78000000000071}",
  "profit_factor_r_by_daily_trade_number_json": "{\"1\": 1.1844592175456823, \"2\": 1.5211073209439026}",
  "avg_r_by_daily_trade_number_json": "{\"1\": 0.1036206351477678, \"2\": 0.2655072800383809}",
  "win_rate_by_daily_trade_number_json": "{\"1\": 0.4411764705882353, \"2\": 0.49074074074074076}"
}