daily_trade_number,trades,total_r
1,225,-22.774720596714666
2,70,-7.379886598798619
