{
  "trades": 295,
  "win_rate": 0.36271186440677966,
  "total_net_pnl": -28.842499999996676,
  "avg_net_pnl": -0.0977711864406667,
  "total_r": -30.154607195513286,
  "avg_r": -0.10221900744241792,
  "profit_factor": 0.8002596952908773,
  "max_drawdown_pnl": -32.192499999996755,
  "max_drawdown_r": -38.90622012024058,
  "avg_bars_held": 15.708474576271186,
  "stop_count": 183,
  "target_count": 85,
  "eod_count": 0,
  "end_of_data_count": 0,
  "max_hold_count": 27,
  "profit_factor_r": 0.8402400867100001,
  "median_r": -1.0090090090090011,
  "p25_r": -1.0177005012531168,
  "p75_r": 1.2339989759344847,
  "worst_trade_r": -1.0526315789473213,
  "best_trade_r": 1.9916666666666742,
  "std_r": 1.2394338136944103,
  "active_days": 225,
  "positive_day_rate": 0.4266666666666667,
  "avg_daily_r": -0.13402047642450346,
  "median_daily_r": -1.0075757575757507,
  "worst_day_r": -2.068016194331923,
  "best_day_r": 3.67872340425535,
  "daily_profit_factor_r": 0.8157637591975188,
  "avg_daily_trade_count": 1.3111111111111111,
  "max_daily_trade_count": 2,
  "estimated_round_trip_cost_per_share": 0.02,
  "avg_risk_per_share": 0.7842372881355852,
  "median_risk_per_share": 0.6599999999999682,
  "p10_risk_per_share": 0.32000000000001594,
  "p25_risk_per_share": 0.45999999999997954,
  "avg_cost_r": 0.03546851477017017,
  "median_cost_r": 0.030303030303031765,
  "p90_cost_r": 0.06249999999999689,
  "pct_trades_cost_r_gt_0_25": 0.0,
  "pct_trades_cost_r_gt_0_50": 0.0,
  "pct_trades_cost_r_gt_1_00": 0.0,
  "end_of_session_count": 0,
  "trades_by_strategy_json": "{\"failed_orb\": 158, \"gap_acceptance_failure\": 37, \"orb_retest_continuation\": 100}",
  "pnl_by_strategy_json": "{\"failed_orb\": -14.529999999998665, \"gap_acceptance_failure\": 5.282500000000596, \"orb_retest_continuation\": -19.594999999998606}",
  "r_by_strategy_json": "{\"failed_orb\": -13.512520242088373, \"gap_acceptance_failure\": -0.011929087588936849, \"orb_retest_continuation\": -16.630157865835976}",
  "trades_by_family_json": "{\"gap_behavior\": 37, \"opening_momentum\": 100, \"opening_reversal\": 158}",
  "pnl_by_family_json": "{\"gap_behavior\": 5.282500000000596, \"opening_momentum\": -19.594999999998606, \"opening_reversal\": -14.529999999998665}",
  "r_by_family_json": "{\"gap_behavior\": -0.011929087588936849, \"opening_momentum\": -16.630157865835976, \"opening_reversal\": -13.512520242088373}",
  "trades_by_candidate_json": "{\"FAILED_ORB_001\": 158, \"GAP_ACCEPTANCE_FAILURE_001\": 37, \"ORB_RETEST_CONTINUATION_001\": 100}",
  "pnl_by_candidate_json": "{\"FAILED_ORB_001\": -14.529999999998665, \"GAP_ACCEPTANCE_FAILURE_001\": 5.282500000000596, \"ORB_RETEST_CONTINUATION_001\": -19.594999999998606}",
  "r_by_candidate_json": "{\"FAILED_ORB_001\": -13.512520242088373, \"GAP_ACCEPTANCE_FAILURE_001\": -0.011929087588936849, \"ORB_RETEST_CONTINUATION_001\": -16.630157865835976}",
  "rejected_by_reason_json": "{\"existing_position\": 61, \"lower_priority_conflict\": 1}",
  "candidate_signals": 0,
  "rejected_signals": 62,
  "selected_signals": 0,
  "selection_rate": 0.8263305322128851,
  "combiner_score": -1.3749544908253106,
  "low_trade_count": false,
  "wrong_time_window_rejections": 0,
  "existing_position_rejections": 61,
  "daily_loss_limit_rejections": 0,
  "max_trades_rejections": 0,
  "max_trades_reached_rejections": 0,
  "cooldown_rejections": 0,
  "cooldown_after_loss_rejections": 0,
  "no_new_after_rejections": 0,
  "risk_too_small_rejections": 0,
  "lower_priority_rejections": 1,
  "last_bar_no_entry_rejections": 0,
  "session_boundary_no_entry_rejections": 0,
  "disabled_candidate_rejections": 0,
  "opposite_direction_conflict_rejections": 0,
  "invalid_stop_side_rejections": 0,
  "invalid_target_side_rejections": 0,
  "invalid_target_r_rejections": 0,
  "invalid_price_nan_rejections": 0,
  "trades_by_daily_trade_number_json": "{\"1\": 225, \"2\": 70}",
  "r_by_daily_trade_number_json": "{\"1\": -22.774720596714673, \"2\": -7.379886598798617}",
  "pnl_by_daily_trade_number_json": "{\"1\": -17.684999999997444, \"2\": -11.157499999999231}",
  "profit_factor_r_by_daily_trade_number_json": "{\"1\": 0.8442681409617242, \"2\": 0.8263815600351007}",
  "avg_r_by_daily_trade_number_json": "{\"1\": -0.10122098042984298, \"2\": -0.10542695141140881}",
  "win_rate_by_daily_trade_number_json": "{\"1\": 0.35555555555555557, \"2\": 0.38571428571428573}"
}