{
  "trades": 181,
  "win_rate": 0.3812154696132597,
  "total_net_pnl": 10.410000000002697,
  "avg_net_pnl": 0.05751381215471103,
  "total_r": 4.994426959913756,
  "avg_r": 0.027593519115545615,
  "profit_factor": 1.1547725245317135,
  "max_drawdown_pnl": -9.779999999998608,
  "max_drawdown_r": -21.753980554600993,
  "avg_bars_held": 20.596685082872927,
  "stop_count": 108,
  "target_count": 52,
  "eod_count": 0,
  "end_of_data_count": 0,
  "max_hold_count": 21,
  "profit_factor_r": 1.0445343778709608,
  "median_r": -1.0108695652173818,
  "p25_r": -1.0212765957446628,
  "p75_r": 1.7449494949494924,
  "worst_trade_r": -1.0833333333332544,
  "best_trade_r": 1.9894736842105358,
  "std_r": 1.3523142898587435,
  "active_days": 181,
  "positive_day_rate": 0.3812154696132597,
  "avg_daily_r": 0.027593519115545615,
  "median_daily_r": -1.0108695652173818,
  "worst_day_r": -1.0833333333332544,
  "best_day_r": 1.9894736842105358,
  "daily_profit_factor_r": 1.0445343778709608,
  "avg_daily_trade_count": 1.0,
  "max_daily_trade_count": 1,
  "estimated_round_trip_cost_per_share": 0.02,
  "avg_risk_per_share": 0.6691160220994382,
  "median_risk_per_share": 0.5600000000000023,
  "p10_risk_per_share": 0.21999999999997044,
  "p25_risk_per_share": 0.38999999999998636,
  "avg_cost_r": 0.043932722165755424,
  "median_cost_r": 0.03571428571428557,
  "p90_cost_r": 0.09090909090910312,
  "pct_trades_cost_r_gt_0_25": 0.0,
  "pct_trades_cost_r_gt_0_50": 0.0,
  "pct_trades_cost_r_gt_1_00": 0.0,
  "end_of_session_count": 0,
  "trades_by_strategy_json": "{\"failed_orb\": 147, \"gap_acceptance_failure\": 34}",
  "pnl_by_strategy_json": "{\"failed_orb\": 9.740000000002112, \"gap_acceptance_failure\": 0.6700000000005844}",
  "r_by_strategy_json": "{\"failed_orb\": 7.636063328220831, \"gap_acceptance_failure\": -2.641636368307077}",
  "trades_by_family_json": "{\"gap_behavior\": 34, \"opening_reversal\": 147}",
  "pnl_by_family_json": "{\"gap_behavior\": 0.6700000000005844, \"opening_reversal\": 9.740000000002112}",
  "r_by_family_json": "{\"gap_behavior\": -2.641636368307077, \"opening_reversal\": 7.636063328220831}",
  "trades_by_candidate_json": "{\"FAILED_ORB_001\": 147, \"GAP_ACCEPTANCE_FAILURE_001\": 34}",
  "pnl_by_candidate_json": "{\"FAILED_ORB_001\": 9.740000000002112, \"GAP_ACCEPTANCE_FAILURE_001\": 0.6700000000005844}",
  "r_by_candidate_json": "{\"FAILED_ORB_001\": 7.636063328220831, \"GAP_ACCEPTANCE_FAILURE_001\": -2.641636368307077}",
  "rejected_by_reason_json": "{\"existing_position\": 10, \"lower_priority_conflict\": 2}",
  "candidate_signals": 0,
  "rejected_signals": 12,
  "selected_signals": 0,
  "selection_rate": 0.9378238341968912,
  "combiner_score": 0.1364728272095171,
  "low_trade_count": false,
  "wrong_time_window_rejections": 0,
  "existing_position_rejections": 10,
  "daily_loss_limit_rejections": 0,
  "max_trades_rejections": 0,
  "max_trades_reached_rejections": 0,
  "cooldown_rejections": 0,
  "cooldown_after_loss_rejections": 0,
  "no_new_after_rejections": 0,
  "risk_too_small_rejections": 0,
  "lower_priority_rejections": 2,
  "last_bar_no_entry_rejections": 0,
  "session_boundary_no_entry_rejections": 0,
  "disabled_candidate_rejections": 0,
  "opposite_direction_conflict_rejections": 0,
  "invalid_stop_side_rejections": 0,
  "invalid_target_side_rejections": 0,
  "invalid_target_r_rejections": 0,
  "invalid_price_nan_rejections": 0,
  "trades_by_daily_trade_number_json": "{\"1\": 181}",
  "r_by_daily_trade_number_json": "{\"1\": 4.994426959913756}",
  "pnl_by_daily_trade_number_json": "{\"1\": 10.410000000002697}",
  "profit_factor_r_by_daily_trade_number_json": "{\"1\": 1.0445343778709608}",
  "avg_r_by_daily_trade_number_json": "{\"1\": 0.027593519115545615}",
  "win_rate_by_daily_trade_number_json": "{\"1\": 0.3812154696132597}"
}