{
  "trades": 306,
  "win_rate": 0.4411764705882353,
  "total_net_pnl": 60.960000000003845,
  "avg_net_pnl": 0.19921568627452238,
  "total_r": 31.707914355216946,
  "avg_r": 0.1036206351477678,
  "profit_factor": 1.35588767587136,
  "max_drawdown_pnl": -12.542499999998654,
  "max_drawdown_r": -15.09003633941603,
  "avg_bars_held": 16.013071895424837,
  "stop_count": 168,
  "target_count": 119,
  "eod_count": 0,
  "end_of_data_count": 0,
  "max_hold_count": 19,
  "profit_factor_r": 1.1844592175456823,
  "median_r": -1.0050893550893505,
  "p25_r": -1.0124805900620997,
  "p75_r": 1.2433089175677396,
  "worst_trade_r": -1.0769230769230096,
  "best_trade_r": 1.998161764705884,
  "std_r": 1.2864643126539013,
  "active_days": 306,
  "positive_day_rate": 0.4411764705882353,
  "avg_daily_r": 0.1036206351477678,
  "median_daily_r": -1.0050893550893505,
  "worst_day_r": -1.0769230769230096,
  "best_day_r": 1.998161764705884,
  "daily_profit_factor_r": 1.1844592175456823,
  "avg_daily_trade_count": 1.0,
  "max_daily_trade_count": 1,
  "estimated_round_trip_cost_per_share": 0.02,
  "avg_risk_per_share": 1.0883006535947612,
  "median_risk_per_share": 0.9275000000000375,
  "p10_risk_per_share": 0.41000000000008185,
  "p25_risk_per_share": 0.6000000000000227,
  "avg_cost_r": 0.02630917249689574,
  "median_cost_r": 0.021563498982852945,
  "p90_cost_r": 0.04878048780486831,
  "pct_trades_cost_r_gt_0_25": 0.0,
  "pct_trades_cost_r_gt_0_50": 0.0,
  "pct_trades_cost_r_gt_1_00": 0.0,
  "end_of_session_count": 0,
  "trades_by_strategy_json": "{\"failed_orb\": 165, \"gap_acceptance_failure\": 12, \"orb_continuation\": 129}",
  "pnl_by_strategy_json": "{\"failed_orb\": 37.420000000001664, \"gap_acceptance_failure\": 4.60000000000008, \"orb_continuation\": 18.9400000000021}",
  "r_by_strategy_json": "{\"failed_orb\": 22.08657907607637, \"gap_acceptance_failure\": -0.25531989859493565, \"orb_continuation\": 9.876655177735518}",
  "trades_by_family_json": "{\"gap_behavior\": 12, \"opening_momentum\": 129, \"opening_reversal\": 165}",
  "pnl_by_family_json": "{\"gap_behavior\": 4.60000000000008, \"opening_momentum\": 18.9400000000021, \"opening_reversal\": 37.420000000001664}",
  "r_by_family_json": "{\"gap_behavior\": -0.25531989859493565, \"opening_momentum\": 9.876655177735518, \"opening_reversal\": 22.08657907607637}",
  "trades_by_candidate_json": "{\"FAILED_ORB_001\": 165, \"GAP_ACCEPTANCE_FAILURE_001\": 12, \"ORB_CONTINUATION_001\": 129}",
  "pnl_by_candidate_json": "{\"FAILED_ORB_001\": 37.420000000001664, \"GAP_ACCEPTANCE_FAILURE_001\": 4.60000000000008, \"ORB_CONTINUATION_001\": 18.9400000000021}",
  "r_by_candidate_json": "{\"FAILED_ORB_001\": 22.08657907607637, \"GAP_ACCEPTANCE_FAILURE_001\": -0.25531989859493565, \"ORB_CONTINUATION_001\": 9.876655177735518}",
  "rejected_by_reason_json": "{\"existing_position\": 229, \"lower_priority_conflict\": 17}",
  "candidate_signals": 0,
  "rejected_signals": 246,
  "selected_signals": 0,
  "selection_rate": 0.5543478260869565,
  "combiner_score": 0.9827922291217085,
  "low_trade_count": false,
  "wrong_time_window_rejections": 0,
  "existing_position_rejections": 229,
  "daily_loss_limit_rejections": 0,
  "max_trades_rejections": 0,
  "max_trades_reached_rejections": 0,
  "cooldown_rejections": 0,
  "cooldown_after_loss_rejections": 0,
  "no_new_after_rejections": 0,
  "risk_too_small_rejections": 0,
  "lower_priority_rejections": 17,
  "last_bar_no_entry_rejections": 0,
  "session_boundary_no_entry_rejections": 0,
  "disabled_candidate_rejections": 0,
  "opposite_direction_conflict_rejections": 0,
  "invalid_stop_side_rejections": 0,
  "invalid_target_side_rejections": 0,
  "invalid_target_r_rejections": 0,
  "invalid_price_nan_rejections": 0,
  "trades_by_daily_trade_number_json": "{\"1\": 306}",
  "r_by_daily_trade_number_json": "{\"1\": 31.707914355216946}",
  "pnl_by_daily_trade_number_json": "{\"1\": 60.960000000003845}",
  "profit_factor_r_by_daily_trade_number_json": "{\"1\": 1.1844592175456823}",
  "avg_r_by_daily_trade_number_json": "{\"1\": 0.1036206351477678}",
  "win_rate_by_daily_trade_number_json": "{\"1\": 0.4411764705882353}"
}