daily_trade_number,trades,total_r
1,194,6.635351438030092
2,49,-21.586558141648755
