daily_trade_number,trades,total_r
1,231,-1.0100194174482622
2,59,-11.914975658570572
