{
  "trades": 290,
  "win_rate": 0.38275862068965516,
  "total_net_pnl": -3.0274999999957117,
  "avg_net_pnl": -0.010439655172399006,
  "total_r": -12.924995076018835,
  "avg_r": -0.044568948537995985,
  "profit_factor": 0.9713955026455422,
  "max_drawdown_pnl": -15.802499999996598,
  "max_drawdown_r": -25.62988019538286,
  "avg_bars_held": 17.43448275862069,
  "stop_count": 164,
  "target_count": 83,
  "eod_count": 0,
  "end_of_data_count": 0,
  "max_hold_count": 43,
  "profit_factor_r": 0.9250045478384062,
  "median_r": -1.0105263157894642,
  "p25_r": -1.0192307692307525,
  "p75_r": 1.234341684434992,
  "worst_trade_r": -1.0833333333332544,
  "best_trade_r": 1.9894736842105358,
  "std_r": 1.234759765204214,
  "active_days": 231,
  "positive_day_rate": 0.43722943722943725,
  "avg_daily_r": -0.055952359636445195,
  "median_daily_r": -1.008064516129025,
  "worst_day_r": -2.079166666666584,
  "best_day_r": 3.223666210670372,
  "daily_profit_factor_r": 0.9161508421167235,
  "avg_daily_trade_count": 1.2554112554112553,
  "max_daily_trade_count": 2,
  "estimated_round_trip_cost_per_share": 0.02,
  "avg_risk_per_share": 0.6763793103448187,
  "median_risk_per_share": 0.6049999999999898,
  "p10_risk_per_share": 0.2599999999999909,
  "p25_risk_per_share": 0.4200000000000159,
  "avg_cost_r": 0.041273200162120396,
  "median_cost_r": 0.033060109289618014,
  "p90_cost_r": 0.07692307692307962,
  "pct_trades_cost_r_gt_0_25": 0.0,
  "pct_trades_cost_r_gt_0_50": 0.0,
  "pct_trades_cost_r_gt_1_00": 0.0,
  "end_of_session_count": 0,
  "trades_by_strategy_json": "{\"failed_orb\": 161, \"gap_acceptance_failure\": 31, \"orb_retest_continuation\": 98}",
  "pnl_by_strategy_json": "{\"failed_orb\": 3.860000000002401, \"gap_acceptance_failure\": -0.029999999999631655, \"orb_retest_continuation\": -6.857499999998481}",
  "r_by_strategy_json": "{\"failed_orb\": -5.537710832527492, \"gap_acceptance_failure\": 0.9594542164398105, \"orb_retest_continuation\": -8.346738459931153}",
  "trades_by_family_json": "{\"gap_behavior\": 31, \"opening_momentum\": 98, \"opening_reversal\": 161}",
  "pnl_by_family_json": "{\"gap_behavior\": -0.029999999999631655, \"opening_momentum\": -6.857499999998481, \"opening_reversal\": 3.860000000002401}",
  "r_by_family_json": "{\"gap_behavior\": 0.9594542164398105, \"opening_momentum\": -8.346738459931153, \"opening_reversal\": -5.537710832527492}",
  "trades_by_candidate_json": "{\"FAILED_ORB_001\": 161, \"GAP_ACCEPTANCE_FAILURE_001\": 31, \"ORB_RETEST_CONTINUATION_001\": 98}",
  "pnl_by_candidate_json": "{\"FAILED_ORB_001\": 3.860000000002401, \"GAP_ACCEPTANCE_FAILURE_001\": -0.029999999999631655, \"ORB_RETEST_CONTINUATION_001\": -6.857499999998481}",
  "r_by_candidate_json": "{\"FAILED_ORB_001\": -5.537710832527492, \"GAP_ACCEPTANCE_FAILURE_001\": 0.9594542164398105, \"ORB_RETEST_CONTINUATION_001\": -8.346738459931153}",
  "rejected_by_reason_json": "{\"existing_position\": 74, \"lower_priority_conflict\": 9}",
  "candidate_signals": 0,
  "rejected_signals": 83,
  "selected_signals": 0,
  "selection_rate": 0.7774798927613941,
  "combiner_score": -0.8688103121148467,
  "low_trade_count": false,
  "wrong_time_window_rejections": 0,
  "existing_position_rejections": 74,
  "daily_loss_limit_rejections": 0,
  "max_trades_rejections": 0,
  "max_trades_reached_rejections": 0,
  "cooldown_rejections": 0,
  "cooldown_after_loss_rejections": 0,
  "no_new_after_rejections": 0,
  "risk_too_small_rejections": 0,
  "lower_priority_rejections": 9,
  "last_bar_no_entry_rejections": 0,
  "session_boundary_no_entry_rejections": 0,
  "disabled_candidate_rejections": 0,
  "opposite_direction_conflict_rejections": 0,
  "invalid_stop_side_rejections": 0,
  "invalid_target_side_rejections": 0,
  "invalid_target_r_rejections": 0,
  "invalid_price_nan_rejections": 0,
  "trades_by_daily_trade_number_json": "{\"1\": 231, \"2\": 59}",
  "r_by_daily_trade_number_json": "{\"1\": -1.0100194174482624, \"2\": -11.914975658570574}",
  "pnl_by_daily_trade_number_json": "{\"1\": -0.5649999999964734, \"2\": -2.4624999999992383}",
  "profit_factor_r_by_daily_trade_number_json": "{\"1\": 0.9925238868113112, \"2\": 0.6800849230057421}",
  "avg_r_by_daily_trade_number_json": "{\"1\": -0.004372378430511958, \"2\": -0.20194873997577245}",
  "win_rate_by_daily_trade_number_json": "{\"1\": 0.39826839826839827, \"2\": 0.3220338983050847}"
}