{
  "trades": 56,
  "win_rate": 0.5178571428571429,
  "total_net_pnl": 14.570000000000334,
  "avg_net_pnl": 0.2601785714285774,
  "total_r": 7.789210254528095,
  "avg_r": 0.13909304025943028,
  "profit_factor": 1.4806994391290194,
  "max_drawdown_pnl": -5.0400000000000205,
  "max_drawdown_r": -6.0237482228144446,
  "avg_bars_held": 27.035714285714285,
  "stop_count": 26,
  "target_count": 26,
  "eod_count": 0,
  "end_of_data_count": 0,
  "max_hold_count": 4,
  "profit_factor_r": 1.2960390783368798,
  "median_r": 0.4847819724904936,
  "p25_r": -1.0107526881720335,
  "p75_r": 1.2402885682574971,
  "worst_trade_r": -1.0217391304347638,
  "best_trade_r": 1.2483164983165023,
  "std_r": 1.0919285242519527,
  "active_days": 56,
  "positive_day_rate": 0.5178571428571429,
  "avg_daily_r": 0.13909304025943028,
  "median_daily_r": 0.4847819724904936,
  "worst_day_r": -1.0217391304347638,
  "best_day_r": 1.2483164983165023,
  "daily_profit_factor_r": 1.2960390783368798,
  "avg_daily_trade_count": 1.0,
  "max_daily_trade_count": 1,
  "estimated_round_trip_cost_per_share": 0.02,
  "avg_risk_per_share": 1.2424999999999895,
  "median_risk_per_share": 1.0049999999999955,
  "p10_risk_per_share": 0.5649999999999977,
  "p25_risk_per_share": 0.8425000000000296,
  "avg_cost_r": 0.020873657280441143,
  "median_cost_r": 0.019904931669637634,
  "p90_cost_r": 0.0354010025062658,
  "pct_trades_cost_r_gt_0_25": 0.0,
  "pct_trades_cost_r_gt_0_50": 0.0,
  "pct_trades_cost_r_gt_1_00": 0.0,
  "end_of_session_count": 0,
  "trades_by_strategy_json": "{\"gap_acceptance_failure\": 56}",
  "pnl_by_strategy_json": "{\"gap_acceptance_failure\": 14.570000000000334}",
  "r_by_strategy_json": "{\"gap_acceptance_failure\": 7.789210254528096}",
  "trades_by_family_json": "{\"gap_behavior\": 56}",
  "pnl_by_family_json": "{\"gap_behavior\": 14.570000000000334}",
  "r_by_family_json": "{\"gap_behavior\": 7.789210254528096}",
  "trades_by_candidate_json": "{\"GAP_ACCEPTANCE_FAILURE_001\": 56}",
  "pnl_by_candidate_json": "{\"GAP_ACCEPTANCE_FAILURE_001\": 14.570000000000334}",
  "r_by_candidate_json": "{\"GAP_ACCEPTANCE_FAILURE_001\": 7.789210254528096}",
  "rejected_by_reason_json": "{}",
  "candidate_signals": 0,
  "rejected_signals": 0,
  "selected_signals": 0,
  "selection_rate": 1.0,
  "combiner_score": 1.309789431976793,
  "low_trade_count": false,
  "wrong_time_window_rejections": 0,
  "existing_position_rejections": 0,
  "daily_loss_limit_rejections": 0,
  "max_trades_rejections": 0,
  "max_trades_reached_rejections": 0,
  "cooldown_rejections": 0,
  "cooldown_after_loss_rejections": 0,
  "no_new_after_rejections": 0,
  "risk_too_small_rejections": 0,
  "lower_priority_rejections": 0,
  "last_bar_no_entry_rejections": 0,
  "session_boundary_no_entry_rejections": 0,
  "disabled_candidate_rejections": 0,
  "opposite_direction_conflict_rejections": 0,
  "invalid_stop_side_rejections": 0,
  "invalid_target_side_rejections": 0,
  "invalid_target_r_rejections": 0,
  "invalid_price_nan_rejections": 0,
  "trades_by_daily_trade_number_json": "{\"1\": 56}",
  "r_by_daily_trade_number_json": "{\"1\": 7.789210254528095}",
  "pnl_by_daily_trade_number_json": "{\"1\": 14.570000000000334}",
  "profit_factor_r_by_daily_trade_number_json": "{\"1\": 1.2960390783368798}",
  "avg_r_by_daily_trade_number_json": "{\"1\": 0.13909304025943028}",
  "win_rate_by_daily_trade_number_json": "{\"1\": 0.5178571428571429}"
}