{
  "trades": 243,
  "win_rate": 0.36213991769547327,
  "total_net_pnl": -2.5199999999965144,
  "avg_net_pnl": -0.010370370370356026,
  "total_r": -14.951206703618663,
  "avg_r": -0.06152759960336898,
  "profit_factor": 0.9731027857829374,
  "max_drawdown_pnl": -18.179999999998188,
  "max_drawdown_r": -36.62197866105349,
  "avg_bars_held": 19.34567901234568,
  "stop_count": 150,
  "target_count": 70,
  "eod_count": 0,
  "end_of_data_count": 0,
  "max_hold_count": 23,
  "profit_factor_r": 0.904022571252096,
  "median_r": -1.0116279069767342,
  "p25_r": -1.0212765957446615,
  "p75_r": 1.2575495049504968,
  "worst_trade_r": -1.0833333333332544,
  "best_trade_r": 1.9894736842105358,
  "std_r": 1.292569660146091,
  "active_days": 194,
  "positive_day_rate": 0.4381443298969072,
  "avg_daily_r": -0.07706807579184877,
  "median_daily_r": -1.010582306830898,
  "worst_day_r": -2.070874861572476,
  "best_day_r": 3.1788307915760434,
  "daily_profit_factor_r": 0.8899617165411062,
  "avg_daily_trade_count": 1.2525773195876289,
  "max_daily_trade_count": 2,
  "estimated_round_trip_cost_per_share": 0.02,
  "avg_risk_per_share": 0.6525514403292085,
  "median_risk_per_share": 0.5600000000000023,
  "p10_risk_per_share": 0.22199999999996864,
  "p25_risk_per_share": 0.38999999999998636,
  "avg_cost_r": 0.04457500577245358,
  "median_cost_r": 0.03571428571428557,
  "p90_cost_r": 0.09011857707511155,
  "pct_trades_cost_r_gt_0_25": 0.0,
  "pct_trades_cost_r_gt_0_50": 0.0,
  "pct_trades_cost_r_gt_1_00": 0.0,
  "end_of_session_count": 0,
  "trades_by_strategy_json": "{\"failed_orb\": 161, \"gap_acceptance_failure\": 38, \"prior_day_level_trap\": 44}",
  "pnl_by_strategy_json": "{\"failed_orb\": 3.860000000002401, \"gap_acceptance_failure\": 3.380000000000507, \"prior_day_level_trap\": -9.759999999999422}",
  "r_by_strategy_json": "{\"failed_orb\": -5.537710832527492, \"gap_acceptance_failure\": 1.5253615510680423, \"prior_day_level_trap\": -10.938857422159211}",
  "trades_by_family_json": "{\"gap_behavior\": 38, \"key_level_trap\": 44, \"opening_reversal\": 161}",
  "pnl_by_family_json": "{\"gap_behavior\": 3.380000000000507, \"key_level_trap\": -9.759999999999422, \"opening_reversal\": 3.860000000002401}",
  "r_by_family_json": "{\"gap_behavior\": 1.5253615510680423, \"key_level_trap\": -10.938857422159211, \"opening_reversal\": -5.537710832527492}",
  "trades_by_candidate_json": "{\"FAILED_ORB_001\": 161, \"GAP_ACCEPTANCE_FAILURE_001\": 38, \"PRIOR_DAY_LEVEL_TRAP_001\": 44}",
  "pnl_by_candidate_json": "{\"FAILED_ORB_001\": 3.860000000002401, \"GAP_ACCEPTANCE_FAILURE_001\": 3.380000000000507, \"PRIOR_DAY_LEVEL_TRAP_001\": -9.759999999999422}",
  "r_by_candidate_json": "{\"FAILED_ORB_001\": -5.537710832527492, \"GAP_ACCEPTANCE_FAILURE_001\": 1.5253615510680423, \"PRIOR_DAY_LEVEL_TRAP_001\": -10.938857422159211}",
  "rejected_by_reason_json": "{\"existing_position\": 21, \"lower_priority_conflict\": 2}",
  "candidate_signals": 0,
  "rejected_signals": 23,
  "selected_signals": 0,
  "selection_rate": 0.9135338345864662,
  "combiner_score": -0.8291703536152928,
  "low_trade_count": false,
  "wrong_time_window_rejections": 0,
  "existing_position_rejections": 21,
  "daily_loss_limit_rejections": 0,
  "max_trades_rejections": 0,
  "max_trades_reached_rejections": 0,
  "cooldown_rejections": 0,
  "cooldown_after_loss_rejections": 0,
  "no_new_after_rejections": 0,
  "risk_too_small_rejections": 0,
  "lower_priority_rejections": 2,
  "last_bar_no_entry_rejections": 0,
  "session_boundary_no_entry_rejections": 0,
  "disabled_candidate_rejections": 0,
  "opposite_direction_conflict_rejections": 0,
  "invalid_stop_side_rejections": 0,
  "invalid_target_side_rejections": 0,
  "invalid_target_r_rejections": 0,
  "invalid_price_nan_rejections": 0,
  "trades_by_daily_trade_number_json": "{\"1\": 194, \"2\": 49}",
  "r_by_daily_trade_number_json": "{\"1\": 6.635351438030091, \"2\": -21.586558141648755}",
  "pnl_by_daily_trade_number_json": "{\"1\": 9.005000000002951, \"2\": -11.524999999999466}",
  "profit_factor_r_by_daily_trade_number_json": "{\"1\": 1.0560990961848704, \"2\": 0.4243469037402839}",
  "avg_r_by_daily_trade_number_json": "{\"1\": 0.03420284246407264, \"2\": -0.44054200289079093}",
  "win_rate_by_daily_trade_number_json": "{\"1\": 0.3917525773195876, \"2\": 0.24489795918367346}"
}