period,trades,total_r,total_net_pnl,profit_factor,profit_factor_r,max_drawdown_r,win_rate,avg_r,median_r
2023-01,19,-0.7602314970140178,-3.9399999999997704,0.6365313653136677,0.9375701227943167,-4.0603837521652775,0.3157894736842105,-0.04001218405336936,-1.0087719298245534
2023-02,25,-2.0681793783144706,2.370000000000516,1.2138989169675636,0.8706356474412236,-8.010198412048265,0.36,-0.08272717513257882,-1.0114942528735535
2023-03,23,12.807543532811142,3.0300000000001432,1.4328571428571775,2.3423908585801256,-3.878542920774044,0.5652173913043478,0.5568497188178757,1.2142857142857433
2023-04,20,-3.943098839134844,-0.3649999999997249,0.9475574712644059,0.7041114681359578,-6.540618366748643,0.35,-0.19715494195674219,-1.0181878306878138
2023-05,18,-9.020122822763351,-4.184999999999945,0.34914463452565286,0.38494654880120105,-9.020122822763351,0.16666666666666666,-0.5011179345979639,-1.0216279069767245
2023-06,20,2.2389097863295415,0.24000000000023647,1.0278745644599583,1.1998842319060983,-4.057774313398767,0.45,0.11194548931647708,-1.006112829577252
2023-07,17,-6.510666735330656,-3.979999999999734,0.4402250351617646,0.4694695603142624,-8.725543262716874,0.29411764705882354,-0.38298039619592095,-1.0133333333333212
2023-08,20,-3.869451569500498,-2.4649999999994634,0.7380446333688033,0.7286042035924996,-8.01736829988839,0.3,-0.19347257847502491,-1.0130724538619158
2023-09,26,-11.848268865582178,-4.172499999999559,0.5901277013752709,0.4229420062135804,-13.068857100876277,0.23076923076923078,-0.4557026486762376,-1.0185185185185028
2023-10,24,4.542983040018002,4.305000000000348,1.5193003618818437,1.3431969041559304,-6.400967903906509,0.4583333333333333,0.18929096000075007,-1.010242474916379
2023-11,19,-1.1614842369639005,0.8200000000003911,1.146953405017999,0.9062134386153348,-8.352565565461608,0.3684210526315789,-0.061130749313889496,-1.0149253731343157
2023-12,12,4.640860881826569,5.822500000000048,3.6465909090910813,1.748935239179327,-3.1261904761903674,0.5,0.3867384068188808,0.32770509193780784
