profile_id,window_id,bucket,count,total_r,avg_r
indicator_mtp1,early_oow,late_trend_climax,496,-26.402468387361477,-0.05323078303903524
indicator_mtp1,early_oow,regime_unknown,101,3.0649134818958927,0.030345678038573194
indicator_mtp1,early_oow,trading_range,157,-6.477356935962003,-0.041257050547528686
indicator_mtp1,insample_ref,broad_bear_channel,1,-1.030225177572891,-1.030225177572891
indicator_mtp1,insample_ref,late_trend_climax,312,-2.898168949515253,-0.009289003043318119
indicator_mtp1,insample_ref,regime_unknown,84,18.864335887685538,0.22457542723435164
indicator_mtp1,insample_ref,trading_range,105,3.8274723622527045,0.036452117735740044
indicator_mtp1,late_oow,late_trend_climax,196,14.209396486999967,0.07249692085204065
indicator_mtp1,late_oow,regime_unknown,66,-11.858561289319605,-0.17967517105029704
indicator_mtp1,late_oow,trading_range,70,-5.644029488557629,-0.08062899269368042
indicator_mtp2,early_oow,late_trend_climax,933,-63.88694655043659,-0.06847475514516248
indicator_mtp2,early_oow,regime_unknown,224,-12.748749395665506,-0.05691405980207815
indicator_mtp2,early_oow,trading_range,351,-27.538912557636,-0.07845844033514529
indicator_mtp2,insample_ref,broad_bear_channel,1,-1.030225177572891,-1.030225177572891
indicator_mtp2,insample_ref,late_trend_climax,629,13.035455056881078,0.020724093890113003
indicator_mtp2,insample_ref,regime_unknown,159,36.61818986707129,0.23030308092497664
indicator_mtp2,insample_ref,trading_range,213,-2.112850934448225,-0.009919487955155985
indicator_mtp2,late_oow,late_trend_climax,389,16.132999731961615,0.04147300702303757
indicator_mtp2,late_oow,regime_unknown,111,-12.643144847091499,-0.11390220582965314
indicator_mtp2,late_oow,trading_range,162,-18.232886877034996,-0.11254868442614195
