{
  "trades": 233,
  "win_rate": 0.4334763948497854,
  "total_net_pnl": 4.510000000002549,
  "avg_net_pnl": 0.019356223175976604,
  "total_r": 17.646505812503733,
  "avg_r": 0.07573607644851388,
  "profit_factor": 1.052573293699396,
  "max_drawdown_pnl": -8.639999999999986,
  "max_drawdown_r": -11.645698967291954,
  "avg_bars_held": 16.253218884120173,
  "stop_count": 127,
  "target_count": 91,
  "eod_count": 0,
  "end_of_data_count": 0,
  "max_hold_count": 15,
  "profit_factor_r": 1.1346216903765416,
  "median_r": -1.0096153846153761,
  "p25_r": -1.0166666666666524,
  "p75_r": 1.2352941176470293,
  "worst_trade_r": -1.0833333333332544,
  "best_trade_r": 1.9894736842105358,
  "std_r": 1.2594942380990386,
  "active_days": 233,
  "positive_day_rate": 0.4334763948497854,
  "avg_daily_r": 0.07573607644851388,
  "median_daily_r": -1.0096153846153761,
  "worst_day_r": -1.0833333333332544,
  "best_day_r": 1.9894736842105358,
  "daily_profit_factor_r": 1.1346216903765416,
  "avg_daily_trade_count": 1.0,
  "max_daily_trade_count": 1,
  "estimated_round_trip_cost_per_share": 0.02,
  "avg_risk_per_share": 0.6587339055793889,
  "median_risk_per_share": 0.6399999999999864,
  "p10_risk_per_share": 0.2999999999999545,
  "p25_risk_per_share": 0.45999999999997954,
  "avg_cost_r": 0.03841656313180012,
  "median_cost_r": 0.031250000000000666,
  "p90_cost_r": 0.06666666666667677,
  "pct_trades_cost_r_gt_0_25": 0.0,
  "pct_trades_cost_r_gt_0_50": 0.0,
  "pct_trades_cost_r_gt_1_00": 0.0,
  "end_of_session_count": 0,
  "trades_by_strategy_json": "{\"failed_orb\": 106, \"gap_acceptance_failure\": 10, \"orb_continuation\": 117}",
  "pnl_by_strategy_json": "{\"failed_orb\": 9.170000000001608, \"gap_acceptance_failure\": 1.735000000000241, \"orb_continuation\": -6.3949999999993}",
  "r_by_strategy_json": "{\"failed_orb\": 14.546121316679269, \"gap_acceptance_failure\": 2.270025089371744, \"orb_continuation\": 0.8303594064527158}",
  "trades_by_family_json": "{\"gap_behavior\": 10, \"opening_momentum\": 117, \"opening_reversal\": 106}",
  "pnl_by_family_json": "{\"gap_behavior\": 1.735000000000241, \"opening_momentum\": -6.3949999999993, \"opening_reversal\": 9.170000000001608}",
  "r_by_family_json": "{\"gap_behavior\": 2.270025089371744, \"opening_momentum\": 0.8303594064527158, \"opening_reversal\": 14.546121316679269}",
  "trades_by_candidate_json": "{\"FAILED_ORB_001\": 106, \"GAP_ACCEPTANCE_FAILURE_001\": 10, \"ORB_CONTINUATION_001\": 117}",
  "pnl_by_candidate_json": "{\"FAILED_ORB_001\": 9.170000000001608, \"GAP_ACCEPTANCE_FAILURE_001\": 1.735000000000241, \"ORB_CONTINUATION_001\": -6.3949999999993}",
  "r_by_candidate_json": "{\"FAILED_ORB_001\": 14.546121316679269, \"GAP_ACCEPTANCE_FAILURE_001\": 2.270025089371744, \"ORB_CONTINUATION_001\": 0.8303594064527158}",
  "rejected_by_reason_json": "{\"existing_position\": 197, \"lower_priority_conflict\": 12}",
  "candidate_signals": 0,
  "rejected_signals": 209,
  "selected_signals": 0,
  "selection_rate": 0.5271493212669683,
  "combiner_score": 0.6516466929840732,
  "low_trade_count": false,
  "wrong_time_window_rejections": 0,
  "existing_position_rejections": 197,
  "daily_loss_limit_rejections": 0,
  "max_trades_rejections": 0,
  "max_trades_reached_rejections": 0,
  "cooldown_rejections": 0,
  "cooldown_after_loss_rejections": 0,
  "no_new_after_rejections": 0,
  "risk_too_small_rejections": 0,
  "lower_priority_rejections": 12,
  "last_bar_no_entry_rejections": 0,
  "session_boundary_no_entry_rejections": 0,
  "disabled_candidate_rejections": 0,
  "opposite_direction_conflict_rejections": 0,
  "invalid_stop_side_rejections": 0,
  "invalid_target_side_rejections": 0,
  "invalid_target_r_rejections": 0,
  "invalid_price_nan_rejections": 0,
  "trades_by_daily_trade_number_json": "{\"1\": 233}",
  "r_by_daily_trade_number_json": "{\"1\": 17.646505812503733}",
  "pnl_by_daily_trade_number_json": "{\"1\": 4.510000000002549}",
  "profit_factor_r_by_daily_trade_number_json": "{\"1\": 1.1346216903765416}",
  "avg_r_by_daily_trade_number_json": "{\"1\": 0.07573607644851388}",
  "win_rate_by_daily_trade_number_json": "{\"1\": 0.4334763948497854}"
}